-- --------------------------------------------------------
-- Host:                         127.0.0.1
-- Server version:               10.6.11-MariaDB - mariadb.org binary distribution
-- Server OS:                    Win64
-- HeidiSQL Version:             11.3.0.6295
-- --------------------------------------------------------

/*!40101 SET @OLD_CHARACTER_SET_CLIENT=@@CHARACTER_SET_CLIENT */;
/*!40101 SET NAMES utf8 */;
/*!50503 SET NAMES utf8mb4 */;
/*!40014 SET @OLD_FOREIGN_KEY_CHECKS=@@FOREIGN_KEY_CHECKS, FOREIGN_KEY_CHECKS=0 */;
/*!40101 SET @OLD_SQL_MODE=@@SQL_MODE, SQL_MODE='NO_AUTO_VALUE_ON_ZERO' */;
/*!40111 SET @OLD_SQL_NOTES=@@SQL_NOTES, SQL_NOTES=0 */;


-- Dumping database structure for alpha_realm
CREATE DATABASE IF NOT EXISTS `alpha_realm` /*!40100 DEFAULT CHARACTER SET latin1 COLLATE latin1_swedish_ci */;
USE `alpha_realm`;

-- Dumping structure for table alpha_realm.accounts
CREATE TABLE IF NOT EXISTS `accounts` (
  `id` int(10) unsigned NOT NULL AUTO_INCREMENT,
  `name` varchar(250) NOT NULL,
  `password` varchar(256) NOT NULL,
  `ip` varchar(256) NOT NULL,
  `gmlevel` tinyint(4) NOT NULL DEFAULT 1,
  PRIMARY KEY (`id`),
  KEY `id` (`id`)
) ENGINE=InnoDB AUTO_INCREMENT=5 DEFAULT CHARSET=utf8mb4 COLLATE=utf8mb4_general_ci;

-- Dumping data for table alpha_realm.accounts: ~4 rows (approximately)
/*!40000 ALTER TABLE `accounts` DISABLE KEYS */;
INSERT INTO `accounts` (`id`, `name`, `password`, `ip`, `gmlevel`) VALUES
	(1, 'radon', '7d2969e37aa4ff6030ee5b5b9e60f8689a5bab0a4a24b432d7ee4be157e5f6bd', '127.0.0.1', 2),
	(2, 'nig', 'cb65a96799cc2a3c19fc9a3df8f8f524ce0881c8104141be73f3d85341f86d6e', '127.0.0.1', 0),
	(3, 'username', '5e884898da28047151d0e56f8dc6292773603d0d6aabbdd62a11ef721d1542d8', '127.0.0.1', 0),
	(4, 'test', '2e887f7cb05febe43c2a8f99e13e7492d610408708709725d2170ffb7e15928b', '127.0.0.1', 0);
/*!40000 ALTER TABLE `accounts` ENABLE KEYS */;

-- Dumping structure for table alpha_realm.applied_updates
CREATE TABLE IF NOT EXISTS `applied_updates` (
  `id` varchar(9) NOT NULL DEFAULT '000000000',
  PRIMARY KEY (`id`)
) ENGINE=InnoDB DEFAULT CHARSET=utf8mb4 COLLATE=utf8mb4_general_ci;

-- Dumping data for table alpha_realm.applied_updates: ~19 rows (approximately)
/*!40000 ALTER TABLE `applied_updates` DISABLE KEYS */;
INSERT INTO `applied_updates` (`id`) VALUES
	('040620221'),
	('041220221'),
	('050520211'),
	('060520211'),
	('070820221'),
	('090520211'),
	('090820221'),
	('150520211'),
	('170520211'),
	('170620211'),
	('180520221'),
	('200420211'),
	('200520201'),
	('200620211'),
	('230520211'),
	('250220211'),
	('250320211'),
	('270420211'),
	('290520211'),
	('291120221'),
	('300420211');
/*!40000 ALTER TABLE `applied_updates` ENABLE KEYS */;

-- Dumping structure for table alpha_realm.characters
CREATE TABLE IF NOT EXISTS `characters` (
  `guid` int(11) unsigned NOT NULL AUTO_INCREMENT,
  `account` int(11) unsigned NOT NULL DEFAULT 0 COMMENT 'Account Identifier',
  `name` varchar(12) NOT NULL DEFAULT '',
  `race` tinyint(3) unsigned NOT NULL DEFAULT 0,
  `class` tinyint(3) unsigned NOT NULL DEFAULT 0,
  `gender` tinyint(3) unsigned NOT NULL DEFAULT 0,
  `level` tinyint(3) unsigned NOT NULL DEFAULT 0,
  `xp` int(11) unsigned NOT NULL DEFAULT 0,
  `money` int(11) unsigned NOT NULL DEFAULT 0,
  `skin` tinyint(3) unsigned NOT NULL DEFAULT 0,
  `face` tinyint(3) unsigned NOT NULL DEFAULT 0,
  `hairstyle` tinyint(3) unsigned NOT NULL DEFAULT 0,
  `haircolour` tinyint(3) unsigned NOT NULL DEFAULT 0,
  `facialhair` tinyint(3) unsigned NOT NULL DEFAULT 0,
  `bankslots` tinyint(3) unsigned NOT NULL DEFAULT 0,
  `talentpoints` int(11) unsigned NOT NULL DEFAULT 0,
  `skillpoints` int(11) unsigned NOT NULL DEFAULT 0,
  `position_x` float NOT NULL DEFAULT 0,
  `position_y` float NOT NULL DEFAULT 0,
  `position_z` float NOT NULL DEFAULT 0,
  `map` int(11) unsigned NOT NULL DEFAULT 0 COMMENT 'Map Identifier',
  `orientation` float NOT NULL DEFAULT 0,
  `taximask` longtext DEFAULT NULL,
  `explored_areas` longtext DEFAULT NULL,
  `online` tinyint(3) unsigned NOT NULL DEFAULT 0,
  `totaltime` int(11) unsigned NOT NULL DEFAULT 0,
  `leveltime` int(11) unsigned NOT NULL DEFAULT 0,
  `extra_flags` int(11) unsigned NOT NULL DEFAULT 0,
  `zone` int(11) unsigned NOT NULL DEFAULT 0,
  `taxi_path` text DEFAULT NULL,
  `drunk` smallint(5) unsigned NOT NULL DEFAULT 0,
  `health` int(10) unsigned NOT NULL DEFAULT 0,
  `power1` int(10) unsigned NOT NULL DEFAULT 0,
  `power2` int(10) unsigned NOT NULL DEFAULT 0,
  `power3` int(10) unsigned NOT NULL DEFAULT 0,
  `power4` int(10) unsigned NOT NULL DEFAULT 0,
  `power5` int(10) unsigned NOT NULL DEFAULT 0,
  PRIMARY KEY (`guid`),
  KEY `idx_account` (`account`),
  KEY `idx_online` (`online`),
  KEY `idx_name` (`name`),
  CONSTRAINT `char_acc` FOREIGN KEY (`account`) REFERENCES `accounts` (`id`) ON DELETE CASCADE ON UPDATE CASCADE
) ENGINE=InnoDB AUTO_INCREMENT=99 DEFAULT CHARSET=utf8mb4 COLLATE=utf8mb4_general_ci;

-- Dumping data for table alpha_realm.characters: ~13 rows (approximately)
/*!40000 ALTER TABLE `characters` DISABLE KEYS */;
INSERT INTO `characters` (`guid`, `account`, `name`, `race`, `class`, `gender`, `level`, `xp`, `money`, `skin`, `face`, `hairstyle`, `haircolour`, `facialhair`, `bankslots`, `talentpoints`, `skillpoints`, `position_x`, `position_y`, `position_z`, `map`, `orientation`, `taximask`, `explored_areas`, `online`, `totaltime`, `leveltime`, `extra_flags`, `zone`, `taxi_path`, `drunk`, `health`, `power1`, `power2`, `power3`, `power4`, `power5`) VALUES
	(2, 2, 'hillary', 5, 1, 0, 1, 230, 6, 0, 3, 9, 9, 0, 0, 0, 0, -5579.03, -483.216, 397.469, 0, 3.08426, '0000000000100000000000000000000000000000000000000000000000000000', '00000000000000000000000000000000000000000000000000000000000000000000000000100000000000000000000000000000000000001000000000000000000000000000000000000000000000000000000000000000000000000000000000000000000000000000000000000000000000000000000000000000000000000000000000000000000000000000000000000000000000000000000000000000000000000000000000000000000000000000000000000000000000000000000000000000000000000000000000000000000000000000000000000000000000000000000000000000000000000000000000000000', 0, 1103, 1103, 16, 131, '', 0, 70, 0, 0, 0, 0, 0),
	(5, 3, 'blorf', 1, 1, 0, 1, 0, 0, 6, 6, 11, 8, 0, 0, 0, 0, -8923.35, -126.391, 81.567, 0, 4.82824, '0100010000000000000000000000000000000000000000000000000000000000', '00000000000000000000000000000000000000000000000000000000000000000000000000000000000000000000000000000000000000000000000000000000000000000000000000000000000000000000000000000000000000000000000000000000000000000000000000000000000000000000000000000000000000000000000000000000000000000000000000000000000000000000000000000000000000000000000000000000000000000000000000000000000000000000000000000000000000000000000000000000000000000000000000000000000000000000000000000000000000000000000000000000', 0, 49, 49, 0, 9, '', 0, 57, 0, 56, 0, 0, 0),
	(8, 4, 'Gregary', 5, 1, 1, 1, 0, 0, 3, 2, 1, 7, 0, 0, 0, 0, 1681.76, 1665.08, 134.902, 0, 5.82961, '0000000000100000000000000000000000000000000000000000000000000000', '00000000000000000000000000000000000000000000000000000000000000000000000000000000000000000000000000000000000000000000000000000000000000000000000000000000000000000000000000000000000000000000000000000000000000000000000000000000000000000000000000000000000000000000000000000000000000000000000000000000000000000000000000000000000000000000000000000000000000000000000000000000000000000000000000000000000000000000000000000000000000000000000000000000000000000000000000000000000000000000000000000000', 0, 2542, 2542, 0, 154, '', 0, 70, 0, 0, 0, 0, 0),
	(24, 2, 'Oggnag', 5, 1, 0, 1, 0, 0, 0, 1, 6, 3, 0, 0, 0, 0, -8836.22, 634.355, 94.4303, 0, 5.35546, '0000000000100000000000000000000000000000000000000000000000000000', '00000000000000000000000000000000000000000000000000000000000000000000000000000000000000000000000000000000000000000000000000000000000000000000000000000000000000000000000000000000000000000000000000000000000000000000000000000000000000000000000000000000000000000000000000000000000000000000000000000000000000000000000000000000000000000000000000000000000000000000000000000000000000000000000000000000000000000000000000000000000000000000000000000000000000000000000000000000000000000000000000000000', 0, 824, 824, 0, 55, '', 0, 70, 0, 0, 0, 0, 0),
	(26, 1, 'Warrir', 1, 1, 1, 60, 0, 114826, 4, 2, 3, 6, 0, 0, 270, 65, -10635.8, 1100.05, 34.0679, 0, 2.43642, '0101011000000000000000000000000000000000000000000000000000000000', '00100011000000000000001000000000010100000010010000000001000000000000000000100000000000000000001000000000000000001000000001000000000000100000000000000000001000000000000000000000000000000000000000000000100000000000000000000000000100000000100000000000000000000000000000000000100000000000000000000010000000000000000001000000000000000010000000000000000000000000100000000000000000000000000000000000000000000000010000000000000000001000000000000000000000000000000000000000000000000000000000000000', 0, 71679, 36600, 16, 108, '', 0, 3222, 0, 0, 0, 0, 0),
	(36, 2, 'Ugla', 1, 1, 1, 1, 45, 50000, 3, 13, 6, 5, 0, 0, 0, 0, -9427.45, 49.1075, 56.759, 0, 2.13432, '0100010000000000000000000000000000000000000000000000000000000000', '00000000000000000000000000000000000000000000000000000000000000000000000000100000000000000000000000000000000000000000000000000000000000000000000000000000000000000000000000000000000000000000000000000000000000000000000000000000000000000000000000000000000000000000000000000000000000000000000000000000000000000000000000000000000000000000000000000000000000000000000000000000000000000000000000000000000000000000000000000000000000000000000000000000000000000000000000000000000000000000000000000000', 0, 3033, 3033, 0, 87, '', 0, 60, 0, 0, 0, 0, 0),
	(37, 2, 'Ugler', 5, 1, 0, 1, 0, 0, 3, 2, 6, 0, 0, 0, 0, 0, -9469.3, 60.4283, 56.126, 0, 2.14249, '0000000000100000000000000000000000000000000000000000000000000000', '00000000000000000000000000000000000000000000000000000000000000000000000000000000000000000000000000000000000000000000000000000000000000000000000000000000000000000000000000000000000000000000000000000000000000000000000000000000000000000000000000000000000000000000000000000000000000000000000000000000000000000000000000000000000000000000000000000000000000000000000000000000000000000000000000000000000000000000000000000000000000000000000000000000000000000000000000000000000000000000000000000000', 0, 434, 434, 0, 87, '', 0, 70, 0, 0, 0, 0, 0),
	(62, 2, 'Stinkky', 5, 1, 0, 1, 0, 0, 2, 2, 5, 2, 0, 0, 0, 0, -8836.09, 641.063, 95.1488, 0, 3.07797, '0000000000100000000000000000000000000000000000000000000000000000', '00000000000000000000000000000000000000000000000000000000000000000000000000000000000000000000000000000000000000000000000000000000000000000000000000000000000000000000000000000000000000000000000000000000000000000000000000000000000000000000000000000000000000000000000000000000000000000000000000000000000000000000000000000000000000000000000000000000000000000000000000000000000000000000000000000000000000000000000000000000000000000000000000000000000000000000000000000000000000000000000000000000', 0, 456, 456, 0, 154, '', 0, 70, 0, 0, 0, 0, 0),
	(93, 1, 'MumboJumbo', 1, 1, 1, 13, 249, 46650, 6, 11, 1, 5, 0, 0, 120, 13, -9421.47, 83.6928, 56.6671, 0, 3.7114, '0100010000000000000000000000000000000000000000000000000000000000', '00000010010000000000000000000000000000000000010000010000000000000000000000110000000000000000000000000000000000000000000000000000000000000000000000000000000000000000000000000000000000000000000000000000000000000000000000000000000000000000000000000000000000000000000000000000000000000000000000000000000000000000000000000000000000000000000000000000000000000000000000000000000000000000000000000000000000000000000000000000000000000000000000000000000000000000000000000000000000000000000000000000', 0, 16403, 16015, 16, 87, '', 0, 288, 0, 0, 0, 0, 0),
	(95, 1, 'ViolateLaws', 1, 1, 1, 27, 0, 5889, 2, 10, 13, 9, 0, 0, 260, 26, -10442.9, -1176.94, 27.0912, 0, 0.693113, '0100010000010000000000000000000000000000000000000000000000000000', '10000011010000000000000000000010000000000000010000000000000000000001000000100000000000000000000000000000000000011000000000000000000000000000000000000000000000000000000000000000000000000000000000000000000000000000000000000000000000000000100000000000000000000000000000000000000000000000000000000000000000000000000000000000000000000001000000000000000000000000000000000000000000000000000000000000000000000000000000000000000000000000000000000000000000000000000000000000000000000000000000000000', 0, 18824, 17943, 16, 10, '', 0, 679, 0, 0, 0, 0, 0),
	(96, 1, 'Awsebm', 1, 2, 0, 1, 105, 143, 0, 9, 6, 4, 1, 0, 0, 0, -9468.28, 63.0782, 55.924, 0, 2.80386, '0100010000000000000000000000000000000000000000000000000000000000', '00000010010000000000000000000000000000000000000000000000000000000000000000100000000000000000000000000000000000000000000000000000000000000000000000000000000000000000000000000000000000000000000000000000000000000000000000000000000000000000000000000000000000000000000000000000000000000000000000000000000000000000000000000000000000000000000000000000000000000000000000000000000000000000000000000000000000000000000000000000000000000000000000000000000000000000000000000000000000000000000000000000', 0, 3244, 3244, 16, 87, '', 0, 68, 79, 0, 0, 0, 0),
	(97, 2, 'Goldshire', 1, 1, 1, 1, 0, 0, 8, 8, 11, 7, 0, 0, 0, 0, -8949.95, -132.493, 83.1903, 0, 0, '0100010000000000000000000000000000000000000000000000000000000000', '00000010000000000000000000000000000000000000000000000000000000000000000000000000000000000000000000000000000000000000000000000000000000000000000000000000000000000000000000000000000000000000000000000000000000000000000000000000000000000000000000000000000000000000000000000000000000000000000000000000000000000000000000000000000000000000000000000000000000000000000000000000000000000000000000000000000000000000000000000000000000000000000000000000000000000000000000000000000000000000000000000000', 0, 378, 378, 0, 9, '', 0, 60, 0, 0, 0, 0, 0),
	(98, 1, 'Arthas', 1, 2, 0, 30, 773, 4, 2, 6, 6, 4, 6, 0, 425, 31, -8834.98, 636.149, 94.4941, 0, 2.2712, '0101010100000000000000000000000000000000000000000000000000000000', '00000011010000010000000000000000110000000000010000000000000000000000000000110000000000000000001000000000000000000000000000001000000000000000000000000000000000000000000000000000000000000000000000000000000000000000000000000000000000000000000000000000000000000000000000000000000000000000000000000000000000000000000000000000000000000000000000000000000000000000000000000000000000000000000000000000000000000000000000000000000000000000000000000000000000000000000000000000000000001000000000000000', 1, 15200, 741, 16, 55, '', 0, 716, 1022, 0, 0, 0, 0);
/*!40000 ALTER TABLE `characters` ENABLE KEYS */;

-- Dumping structure for table alpha_realm.character_buttons
CREATE TABLE IF NOT EXISTS `character_buttons` (
  `owner` int(11) unsigned NOT NULL DEFAULT 0,
  `index` int(11) unsigned NOT NULL DEFAULT 0,
  `action` int(11) NOT NULL DEFAULT 0,
  PRIMARY KEY (`owner`,`index`,`action`),
  CONSTRAINT `owner_guid_button_fk` FOREIGN KEY (`owner`) REFERENCES `characters` (`guid`) ON DELETE CASCADE ON UPDATE CASCADE
) ENGINE=InnoDB DEFAULT CHARSET=utf8mb4 COLLATE=utf8mb4_general_ci;

-- Dumping data for table alpha_realm.character_buttons: ~51 rows (approximately)
/*!40000 ALTER TABLE `character_buttons` DISABLE KEYS */;
INSERT INTO `character_buttons` (`owner`, `index`, `action`) VALUES
	(2, 72, 6603),
	(2, 73, 78),
	(2, 83, -4604),
	(5, 72, 6603),
	(5, 73, 78),
	(5, 83, -117),
	(8, 72, 6603),
	(8, 73, 78),
	(8, 83, -4604),
	(24, 72, 6603),
	(24, 73, 78),
	(24, 83, -4604),
	(26, 72, 6603),
	(26, 73, 1608),
	(26, 74, 7373),
	(26, 75, 6178),
	(26, 77, 6555),
	(26, 78, 7887),
	(26, 79, 1719),
	(26, 80, 6190),
	(26, 81, 5246),
	(26, 82, 1134),
	(26, 83, 6673),
	(36, 72, 6603),
	(36, 73, 78),
	(36, 83, -117),
	(37, 72, 6603),
	(37, 73, 78),
	(37, 83, -4604),
	(62, 72, 6603),
	(62, 73, 78),
	(62, 83, -4604),
	(93, 72, 6603),
	(93, 73, 284),
	(93, 83, -117),
	(95, 72, 6603),
	(95, 73, 78),
	(95, 83, -117),
	(96, 0, 6603),
	(96, 1, 635),
	(96, 10, -159),
	(96, 11, -2070),
	(97, 72, 6603),
	(97, 73, 78),
	(97, 83, -117),
	(98, 0, 6603),
	(98, 1, 679),
	(98, 2, 635),
	(98, 9, 465),
	(98, 10, -159);
/*!40000 ALTER TABLE `character_buttons` ENABLE KEYS */;

-- Dumping structure for table alpha_realm.character_deathbind
CREATE TABLE IF NOT EXISTS `character_deathbind` (
  `deathbind_id` int(11) NOT NULL AUTO_INCREMENT,
  `player_guid` int(11) unsigned NOT NULL,
  `creature_binder_guid` int(11) unsigned NOT NULL DEFAULT 0,
  `deathbind_map` int(11) unsigned NOT NULL DEFAULT 0,
  `deathbind_zone` int(11) unsigned NOT NULL DEFAULT 0,
  `deathbind_position_x` float NOT NULL DEFAULT 0,
  `deathbind_position_y` float NOT NULL DEFAULT 0,
  `deathbind_position_z` float NOT NULL DEFAULT 0,
  PRIMARY KEY (`deathbind_id`),
  KEY `fk_character_deathbind_characters1_idx` (`player_guid`),
  CONSTRAINT `fk_character_deathbind_characters1` FOREIGN KEY (`player_guid`) REFERENCES `characters` (`guid`) ON DELETE CASCADE ON UPDATE CASCADE
) ENGINE=InnoDB AUTO_INCREMENT=99 DEFAULT CHARSET=utf8mb4 COLLATE=utf8mb4_general_ci;

-- Dumping data for table alpha_realm.character_deathbind: ~12 rows (approximately)
/*!40000 ALTER TABLE `character_deathbind` DISABLE KEYS */;
INSERT INTO `character_deathbind` (`deathbind_id`, `player_guid`, `creature_binder_guid`, `deathbind_map`, `deathbind_zone`, `deathbind_position_x`, `deathbind_position_y`, `deathbind_position_z`) VALUES
	(2, 2, 0, 0, 85, 1676.71, 1678.31, 121.67),
	(5, 5, 0, 0, 12, -8949.95, -132.493, 83.5312),
	(8, 8, 0, 0, 85, 1676.71, 1678.31, 121.67),
	(24, 24, 0, 0, 85, 1676.71, 1678.31, 121.67),
	(26, 26, 38191, 0, 108, -10586.5, 1031.43, 32.7762),
	(36, 36, 38189, 0, 87, -9514.53, 77.819, 59.3459),
	(37, 37, 0, 0, 85, 1676.71, 1678.31, 121.67),
	(62, 62, 0, 0, 85, 1676.71, 1678.31, 121.67),
	(93, 93, 38189, 0, 87, -9513.35, 77.8389, 59.3364),
	(95, 95, 38190, 0, 12, -9148.19, 414.175, 93.2621),
	(96, 96, 38189, 0, 87, -9514, 78.719, 59.4788),
	(97, 97, 0, 0, 12, -8949.95, -132.493, 83.5312),
	(98, 98, 38191, 0, 108, -10589, 1030.07, 32.5976);
/*!40000 ALTER TABLE `character_deathbind` ENABLE KEYS */;

-- Dumping structure for table alpha_realm.character_gifts
CREATE TABLE IF NOT EXISTS `character_gifts` (
  `guid` int(11) unsigned NOT NULL AUTO_INCREMENT,
  `creator` int(11) unsigned NOT NULL DEFAULT 0 COMMENT 'Who wrapped the gift. Shoud not cascade delete',
  `item_guid` int(11) unsigned NOT NULL DEFAULT 0,
  `entry` int(11) unsigned NOT NULL DEFAULT 0,
  `flags` int(11) unsigned NOT NULL DEFAULT 0,
  PRIMARY KEY (`guid`)
) ENGINE=InnoDB DEFAULT CHARSET=utf8mb4 COLLATE=utf8mb4_general_ci;

-- Dumping data for table alpha_realm.character_gifts: ~0 rows (approximately)
/*!40000 ALTER TABLE `character_gifts` DISABLE KEYS */;
/*!40000 ALTER TABLE `character_gifts` ENABLE KEYS */;

-- Dumping structure for table alpha_realm.character_inventory
CREATE TABLE IF NOT EXISTS `character_inventory` (
  `guid` int(11) unsigned NOT NULL AUTO_INCREMENT,
  `owner` int(11) unsigned NOT NULL DEFAULT 0 COMMENT 'Global Unique Identifier',
  `creator` int(11) unsigned NOT NULL DEFAULT 0,
  `bag` int(11) unsigned NOT NULL DEFAULT 0,
  `slot` tinyint(3) unsigned NOT NULL DEFAULT 0,
  `item_template` mediumint(8) unsigned NOT NULL DEFAULT 0 COMMENT 'Item Identifier',
  `stackcount` int(11) unsigned NOT NULL DEFAULT 1,
  `SpellCharges1` int(11) NOT NULL DEFAULT -1,
  `SpellCharges2` int(11) NOT NULL DEFAULT -1,
  `SpellCharges3` int(11) NOT NULL DEFAULT -1,
  `SpellCharges4` int(11) NOT NULL DEFAULT -1,
  `SpellCharges5` int(11) NOT NULL DEFAULT -1,
  `item_flags` int(11) NOT NULL DEFAULT 0,
  `duration` int(11) unsigned NOT NULL DEFAULT 0,
  `enchantments` mediumtext NOT NULL DEFAULT '0,0,0,0,0,0,0,0,0,0,0,0,0,0,0',
  PRIMARY KEY (`guid`),
  KEY `idx_guid` (`owner`),
  CONSTRAINT `owner_guid` FOREIGN KEY (`owner`) REFERENCES `characters` (`guid`) ON DELETE CASCADE ON UPDATE CASCADE
) ENGINE=InnoDB AUTO_INCREMENT=1220 DEFAULT CHARSET=utf8mb4 COLLATE=utf8mb4_general_ci;

-- Dumping data for table alpha_realm.character_inventory: ~126 rows (approximately)
/*!40000 ALTER TABLE `character_inventory` DISABLE KEYS */;
INSERT INTO `character_inventory` (`guid`, `owner`, `creator`, `bag`, `slot`, `item_template`, `stackcount`, `SpellCharges1`, `SpellCharges2`, `SpellCharges3`, `SpellCharges4`, `SpellCharges5`, `item_flags`, `duration`, `enchantments`) VALUES
	(16, 2, 0, 23, 3, 6125, 1, 0, 0, 0, 0, 0, 0, 0, '0,0,0,0,0,0,0,0,0,0,0,0,0,0,0'),
	(17, 2, 0, 23, 6, 139, 1, 0, 0, 0, 0, 0, 0, 0, '0,0,0,0,0,0,0,0,0,0,0,0,0,0,0'),
	(18, 2, 0, 23, 7, 140, 1, 0, 0, 0, 0, 0, 0, 0, '0,0,0,0,0,0,0,0,0,0,0,0,0,0,0'),
	(19, 2, 0, 23, 15, 25, 1, 0, 0, 0, 0, 0, 0, 0, '0,0,0,0,0,0,0,0,0,0,0,0,0,0,0'),
	(20, 2, 0, 23, 16, 2362, 1, 0, 0, 0, 0, 0, 0, 0, '0,0,0,0,0,0,0,0,0,0,0,0,0,0,0'),
	(21, 2, 0, 23, 23, 4604, 4, -1, 0, 0, 0, 0, 0, 0, '0,0,0,0,0,0,0,0,0,0,0,0,0,0,0'),
	(22, 2, 0, 23, 24, 6279, 1, 0, 0, 0, 0, 0, 0, 0, '0,0,0,0,0,0,0,0,0,0,0,0,0,0,0'),
	(48, 5, 0, 23, 3, 38, 1, 0, 0, 0, 0, 0, 0, 0, '0,0,0,0,0,0,0,0,0,0,0,0,0,0,0'),
	(49, 5, 0, 23, 6, 39, 1, 0, 0, 0, 0, 0, 0, 0, '0,0,0,0,0,0,0,0,0,0,0,0,0,0,0'),
	(50, 5, 0, 23, 7, 40, 1, 0, 0, 0, 0, 0, 0, 0, '0,0,0,0,0,0,0,0,0,0,0,0,0,0,0'),
	(51, 5, 0, 23, 15, 25, 1, 0, 0, 0, 0, 0, 0, 0, '0,0,0,0,0,0,0,0,0,0,0,0,0,0,0'),
	(52, 5, 0, 23, 16, 2362, 1, 0, 0, 0, 0, 0, 0, 0, '0,0,0,0,0,0,0,0,0,0,0,0,0,0,0'),
	(53, 5, 0, 23, 23, 117, 4, -1, 0, 0, 0, 0, 0, 0, '0,0,0,0,0,0,0,0,0,0,0,0,0,0,0'),
	(73, 8, 0, 23, 3, 6125, 1, 0, 0, 0, 0, 0, 0, 0, '0,0,0,0,0,0,0,0,0,0,0,0,0,0,0'),
	(74, 8, 0, 23, 6, 139, 1, 0, 0, 0, 0, 0, 0, 0, '0,0,0,0,0,0,0,0,0,0,0,0,0,0,0'),
	(75, 8, 0, 23, 7, 140, 1, 0, 0, 0, 0, 0, 0, 0, '0,0,0,0,0,0,0,0,0,0,0,0,0,0,0'),
	(76, 8, 0, 23, 15, 25, 1, 0, 0, 0, 0, 0, 0, 0, '0,0,0,0,0,0,0,0,0,0,0,0,0,0,0'),
	(77, 8, 0, 23, 16, 2362, 1, 0, 0, 0, 0, 0, 0, 0, '0,0,0,0,0,0,0,0,0,0,0,0,0,0,0'),
	(78, 8, 0, 23, 23, 4604, 4, -1, 0, 0, 0, 0, 0, 0, '0,0,0,0,0,0,0,0,0,0,0,0,0,0,0'),
	(79, 8, 0, 23, 24, 6279, 1, 0, 0, 0, 0, 0, 0, 0, '0,0,0,0,0,0,0,0,0,0,0,0,0,0,0'),
	(211, 24, 0, 23, 3, 6125, 1, 0, 0, 0, 0, 0, 0, 0, '0,0,0,0,0,0,0,0,0,0,0,0,0,0,0'),
	(212, 24, 0, 23, 6, 139, 1, 0, 0, 0, 0, 0, 0, 0, '0,0,0,0,0,0,0,0,0,0,0,0,0,0,0'),
	(213, 24, 0, 23, 7, 140, 1, 0, 0, 0, 0, 0, 0, 0, '0,0,0,0,0,0,0,0,0,0,0,0,0,0,0'),
	(214, 24, 0, 23, 15, 25, 1, 0, 0, 0, 0, 0, 0, 0, '0,0,0,0,0,0,0,0,0,0,0,0,0,0,0'),
	(215, 24, 0, 23, 16, 2362, 1, 0, 0, 0, 0, 0, 0, 0, '0,0,0,0,0,0,0,0,0,0,0,0,0,0,0'),
	(216, 24, 0, 23, 23, 4604, 4, -1, 0, 0, 0, 0, 0, 0, '0,0,0,0,0,0,0,0,0,0,0,0,0,0,0'),
	(217, 24, 0, 23, 24, 6279, 1, 0, 0, 0, 0, 0, 0, 0, '0,0,0,0,0,0,0,0,0,0,0,0,0,0,0'),
	(236, 26, 0, 23, 3, 38, 1, 0, 0, 0, 0, 0, 0, 0, '0,0,0,0,0,0,0,0,0,0,0,0,0,0,0'),
	(244, 26, 0, 23, 9, 2397, 1, 0, 0, 0, 0, 0, 0, 0, '0,0,0,0,0,0,0,0,0,0,0,0,0,0,0'),
	(245, 26, 0, 23, 7, 2395, 1, 0, 0, 0, 0, 0, 0, 0, '0,0,0,0,0,0,0,0,0,0,0,0,0,0,0'),
	(246, 26, 0, 23, 5, 2393, 1, 0, 0, 0, 0, 0, 0, 0, '0,0,0,0,0,0,0,0,0,0,0,0,0,0,0'),
	(253, 26, 0, 23, 2, 3840, 1, 0, 0, 0, 0, 0, 1, 0, '0,0,0,0,0,0,0,0,0,0,0,0,0,0,0'),
	(254, 26, 0, 23, 0, 3836, 1, 0, 0, 0, 0, 0, 1, 0, '0,0,0,0,0,0,0,0,0,0,0,0,0,0,0'),
	(255, 26, 0, 23, 4, 3844, 1, 0, 0, 0, 0, 0, 1, 0, '0,0,0,0,0,0,0,0,0,0,0,0,0,0,0'),
	(256, 26, 0, 23, 6, 3842, 1, 0, 0, 0, 0, 0, 1, 0, '0,0,0,0,0,0,0,0,0,0,0,0,0,0,0'),
	(259, 26, 0, 19, 6, 2014, 1, 0, 0, 0, 0, 0, 1, 0, '0,0,0,0,0,0,0,0,0,0,0,0,0,0,0'),
	(269, 26, 0, 23, 28, 773, 7, 0, 0, 0, 0, 0, 0, 0, '0,0,0,0,0,0,0,0,0,0,0,0,0,0,0'),
	(293, 26, 0, 23, 19, 857, 1, 0, 0, 0, 0, 0, 0, 0, '0,0,0,0,0,0,0,0,0,0,0,0,0,0,0'),
	(343, 26, 0, 23, 30, 957, 1, 0, 0, 0, 0, 0, 0, 0, '0,0,0,0,0,0,0,0,0,0,0,0,0,0,0'),
	(370, 36, 0, 23, 3, 38, 1, 0, 0, 0, 0, 0, 0, 0, '0,0,0,0,0,0,0,0,0,0,0,0,0,0,0'),
	(371, 36, 0, 23, 6, 39, 1, 0, 0, 0, 0, 0, 0, 0, '0,0,0,0,0,0,0,0,0,0,0,0,0,0,0'),
	(372, 36, 0, 23, 7, 40, 1, 0, 0, 0, 0, 0, 0, 0, '0,0,0,0,0,0,0,0,0,0,0,0,0,0,0'),
	(373, 36, 0, 23, 15, 25, 1, 0, 0, 0, 0, 0, 0, 0, '0,0,0,0,0,0,0,0,0,0,0,0,0,0,0'),
	(374, 36, 0, 23, 16, 2362, 1, 0, 0, 0, 0, 0, 0, 0, '0,0,0,0,0,0,0,0,0,0,0,0,0,0,0'),
	(375, 36, 0, 23, 23, 117, 4, -1, 0, 0, 0, 0, 0, 0, '0,0,0,0,0,0,0,0,0,0,0,0,0,0,0'),
	(376, 37, 0, 23, 3, 6125, 1, 0, 0, 0, 0, 0, 0, 0, '0,0,0,0,0,0,0,0,0,0,0,0,0,0,0'),
	(377, 37, 0, 23, 6, 139, 1, 0, 0, 0, 0, 0, 0, 0, '0,0,0,0,0,0,0,0,0,0,0,0,0,0,0'),
	(378, 37, 0, 23, 7, 140, 1, 0, 0, 0, 0, 0, 0, 0, '0,0,0,0,0,0,0,0,0,0,0,0,0,0,0'),
	(379, 37, 0, 23, 15, 25, 1, 0, 0, 0, 0, 0, 0, 0, '0,0,0,0,0,0,0,0,0,0,0,0,0,0,0'),
	(380, 37, 0, 23, 16, 2362, 1, 0, 0, 0, 0, 0, 0, 0, '0,0,0,0,0,0,0,0,0,0,0,0,0,0,0'),
	(381, 37, 0, 23, 23, 4604, 4, -1, 0, 0, 0, 0, 0, 0, '0,0,0,0,0,0,0,0,0,0,0,0,0,0,0'),
	(382, 37, 0, 23, 24, 6279, 1, 0, 0, 0, 0, 0, 0, 0, '0,0,0,0,0,0,0,0,0,0,0,0,0,0,0'),
	(668, 62, 0, 23, 3, 6125, 1, 0, 0, 0, 0, 0, 0, 0, '0,0,0,0,0,0,0,0,0,0,0,0,0,0,0'),
	(669, 62, 0, 23, 6, 139, 1, 0, 0, 0, 0, 0, 0, 0, '0,0,0,0,0,0,0,0,0,0,0,0,0,0,0'),
	(670, 62, 0, 23, 7, 140, 1, 0, 0, 0, 0, 0, 0, 0, '0,0,0,0,0,0,0,0,0,0,0,0,0,0,0'),
	(671, 62, 0, 23, 15, 25, 1, 0, 0, 0, 0, 0, 0, 0, '0,0,0,0,0,0,0,0,0,0,0,0,0,0,0'),
	(672, 62, 0, 23, 16, 2362, 1, 0, 0, 0, 0, 0, 0, 0, '0,0,0,0,0,0,0,0,0,0,0,0,0,0,0'),
	(673, 62, 0, 23, 23, 4604, 4, -1, 0, 0, 0, 0, 0, 0, '0,0,0,0,0,0,0,0,0,0,0,0,0,0,0'),
	(674, 62, 0, 23, 24, 6279, 1, 0, 0, 0, 0, 0, 0, 0, '0,0,0,0,0,0,0,0,0,0,0,0,0,0,0'),
	(675, 26, 0, 23, 18, 5976, 1, 0, 0, 0, 0, 0, 0, 0, '0,0,0,0,0,0,0,0,0,0,0,0,0,0,0'),
	(680, 26, 0, 69, 33, 2035, 1, 0, 0, 0, 0, 0, 1, 0, '0,0,0,0,0,0,0,0,0,0,0,0,0,0,0'),
	(722, 26, 0, 23, 8, 6040, 1, 0, 0, 0, 0, 0, 0, 0, '0,0,0,0,0,0,0,0,0,0,0,0,0,0,0'),
	(723, 26, 0, 23, 32, 3855, 1, 0, 0, 0, 0, 0, 1, 0, '0,0,0,0,0,0,0,0,0,0,0,0,0,0,0'),
	(725, 26, 0, 23, 24, 3853, 1, 0, 0, 0, 0, 0, 1, 0, '0,0,0,0,0,0,0,0,0,0,0,0,0,0,0'),
	(776, 26, 0, 23, 15, 1728, 1, 0, 0, 0, 0, 0, 1, 0, '0,0,0,0,0,0,0,0,0,0,0,0,0,0,0'),
	(906, 26, 0, 23, 23, 3191, 1, 0, 0, 0, 0, 0, 1, 0, '0,0,0,0,0,0,0,0,0,0,0,0,0,0,0'),
	(907, 26, 0, 23, 16, 4068, 1, 0, 0, 0, 0, 0, 1, 0, '0,0,0,0,0,0,0,0,0,0,0,0,0,0,0'),
	(908, 26, 0, 23, 25, 4306, 4, 0, 0, 0, 0, 0, 0, 0, '0,0,0,0,0,0,0,0,0,0,0,0,0,0,0'),
	(909, 26, 0, 23, 26, 2592, 1, 0, 0, 0, 0, 0, 0, 0, '0,0,0,0,0,0,0,0,0,0,0,0,0,0,0'),
	(1142, 93, 0, 23, 3, 38, 1, 0, 0, 0, 0, 0, 0, 0, '0,0,0,0,0,0,0,0,0,0,0,0,0,0,0'),
	(1145, 93, 0, 23, 15, 25, 1, 0, 0, 0, 0, 0, 0, 0, '0,0,0,0,0,0,0,0,0,0,0,0,0,0,0'),
	(1146, 93, 0, 23, 16, 2362, 1, 0, 0, 0, 0, 0, 0, 0, '0,0,0,0,0,0,0,0,0,0,0,0,0,0,0'),
	(1147, 93, 0, 23, 23, 117, 4, -1, 0, 0, 0, 0, 0, 0, '0,0,0,0,0,0,0,0,0,0,0,0,0,0,0'),
	(1148, 93, 0, 23, 9, 2397, 1, 0, 0, 0, 0, 0, 0, 0, '0,0,0,0,0,0,0,0,0,0,0,0,0,0,0'),
	(1149, 93, 0, 23, 7, 2395, 1, 0, 0, 0, 0, 0, 0, 0, '0,0,0,0,0,0,0,0,0,0,0,0,0,0,0'),
	(1150, 93, 0, 23, 5, 2393, 1, 0, 0, 0, 0, 0, 0, 0, '0,0,0,0,0,0,0,0,0,0,0,0,0,0,0'),
	(1151, 93, 0, 23, 4, 2392, 1, 0, 0, 0, 0, 0, 0, 0, '0,0,0,0,0,0,0,0,0,0,0,0,0,0,0'),
	(1152, 93, 0, 23, 6, 2394, 1, 0, 0, 0, 0, 0, 0, 0, '0,0,0,0,0,0,0,0,0,0,0,0,0,0,0'),
	(1153, 93, 0, 23, 8, 2396, 1, 0, 0, 0, 0, 0, 0, 0, '0,0,0,0,0,0,0,0,0,0,0,0,0,0,0'),
	(1164, 95, 0, 23, 3, 38, 1, 0, 0, 0, 0, 0, 0, 0, '0,0,0,0,0,0,0,0,0,0,0,0,0,0,0'),
	(1165, 95, 0, 23, 6, 39, 1, 0, 0, 0, 0, 0, 0, 0, '0,0,0,0,0,0,0,0,0,0,0,0,0,0,0'),
	(1166, 95, 0, 23, 7, 40, 1, 0, 0, 0, 0, 0, 0, 0, '0,0,0,0,0,0,0,0,0,0,0,0,0,0,0'),
	(1167, 95, 0, 23, 15, 25, 1, 0, 0, 0, 0, 0, 0, 0, '0,0,0,0,0,0,0,0,0,0,0,0,0,0,0'),
	(1168, 95, 0, 23, 16, 2362, 1, 0, 0, 0, 0, 0, 0, 0, '0,0,0,0,0,0,0,0,0,0,0,0,0,0,0'),
	(1169, 95, 0, 23, 23, 117, 4, -1, 0, 0, 0, 0, 0, 0, '0,0,0,0,0,0,0,0,0,0,0,0,0,0,0'),
	(1173, 95, 0, 23, 24, 3730, 2, 0, 0, 0, 0, 0, 0, 0, '0,0,0,0,0,0,0,0,0,0,0,0,0,0,0'),
	(1174, 95, 0, 23, 25, 2940, 2, 0, 0, 0, 0, 0, 0, 0, '0,0,0,0,0,0,0,0,0,0,0,0,0,0,0'),
	(1175, 95, 0, 23, 26, 2318, 3, 0, 0, 0, 0, 0, 0, 0, '0,0,0,0,0,0,0,0,0,0,0,0,0,0,0'),
	(1176, 95, 0, 23, 27, 769, 1, 0, 0, 0, 0, 0, 0, 0, '0,0,0,0,0,0,0,0,0,0,0,0,0,0,0'),
	(1177, 95, 0, 23, 28, 5571, 1, 0, 0, 0, 0, 0, 0, 0, '0,0,0,0,0,0,0,0,0,0,0,0,0,0,0'),
	(1178, 95, 0, 23, 29, 2886, 1, 0, 0, 0, 0, 0, 0, 0, '0,0,0,0,0,0,0,0,0,0,0,0,0,0,0'),
	(1179, 96, 0, 23, 3, 45, 1, 0, 0, 0, 0, 0, 0, 0, '0,0,0,0,0,0,0,0,0,0,0,0,0,0,0'),
	(1180, 96, 0, 23, 7, 43, 1, 0, 0, 0, 0, 0, 0, 0, '0,0,0,0,0,0,0,0,0,0,0,0,0,0,0'),
	(1181, 96, 0, 23, 6, 44, 1, 0, 0, 0, 0, 0, 0, 0, '0,0,0,0,0,0,0,0,0,0,0,0,0,0,0'),
	(1182, 96, 0, 23, 15, 2361, 1, 0, 0, 0, 0, 0, 0, 0, '0,0,0,0,0,0,0,0,0,0,0,0,0,0,0'),
	(1183, 96, 0, 23, 23, 159, 2, -1, 0, 0, 0, 0, 0, 0, '0,0,0,0,0,0,0,0,0,0,0,0,0,0,0'),
	(1184, 96, 0, 23, 24, 2070, 4, -1, 0, 0, 0, 0, 0, 0, '0,0,0,0,0,0,0,0,0,0,0,0,0,0,0'),
	(1186, 96, 0, 23, 26, 118, 1, -1, 0, 0, 0, 0, 0, 0, '0,0,0,0,0,0,0,0,0,0,0,0,0,0,0'),
	(1190, 26, 0, 23, 27, 4357, 4, 0, 0, 0, 0, 0, 0, 0, '0,0,0,0,0,0,0,0,0,0,0,0,0,0,0'),
	(1191, 26, 0, 23, 29, 4363, 2, 0, 0, 0, 0, 0, 0, 0, '0,0,0,0,0,0,0,0,0,0,0,0,0,0,0'),
	(1192, 26, 0, 23, 31, 4371, 2, 0, 0, 0, 0, 0, 0, 0, '0,0,0,0,0,0,0,0,0,0,0,0,0,0,0'),
	(1193, 26, 0, 23, 33, 4361, 2, 0, 0, 0, 0, 0, 0, 0, '0,0,0,0,0,0,0,0,0,0,0,0,0,0,0'),
	(1194, 26, 0, 23, 34, 4364, 4, 0, 0, 0, 0, 0, 0, 0, '0,0,0,0,0,0,0,0,0,0,0,0,0,0,0'),
	(1195, 26, 0, 23, 35, 4382, 1, 0, 0, 0, 0, 0, 0, 0, '0,0,0,0,0,0,0,0,0,0,0,0,0,0,0'),
	(1196, 26, 0, 23, 36, 4404, 3, 0, 0, 0, 0, 0, 0, 0, '0,0,0,0,0,0,0,0,0,0,0,0,0,0,0'),
	(1199, 97, 0, 23, 3, 38, 1, 0, 0, 0, 0, 0, 0, 0, '0,0,0,0,0,0,0,0,0,0,0,0,0,0,0'),
	(1200, 97, 0, 23, 6, 39, 1, 0, 0, 0, 0, 0, 0, 0, '0,0,0,0,0,0,0,0,0,0,0,0,0,0,0'),
	(1201, 97, 0, 23, 7, 40, 1, 0, 0, 0, 0, 0, 0, 0, '0,0,0,0,0,0,0,0,0,0,0,0,0,0,0'),
	(1202, 97, 0, 23, 15, 25, 1, 0, 0, 0, 0, 0, 0, 0, '0,0,0,0,0,0,0,0,0,0,0,0,0,0,0'),
	(1203, 97, 0, 23, 16, 2362, 1, 0, 0, 0, 0, 0, 0, 0, '0,0,0,0,0,0,0,0,0,0,0,0,0,0,0'),
	(1204, 97, 0, 23, 23, 117, 4, -1, 0, 0, 0, 0, 0, 0, '0,0,0,0,0,0,0,0,0,0,0,0,0,0,0'),
	(1205, 26, 0, 19, 0, 2589, 1, 0, 0, 0, 0, 0, 0, 0, '0,0,0,0,0,0,0,0,0,0,0,0,0,0,0'),
	(1208, 95, 0, 23, 30, 2319, 1, 0, 0, 0, 0, 0, 0, 0, '0,0,0,0,0,0,0,0,0,0,0,0,0,0,0'),
	(1209, 98, 0, 23, 3, 45, 1, 0, 0, 0, 0, 0, 0, 0, '0,0,0,0,0,0,0,0,0,0,0,0,0,0,0'),
	(1210, 98, 0, 23, 7, 43, 1, 0, 0, 0, 0, 0, 0, 0, '0,0,0,0,0,0,0,0,0,0,0,0,0,0,0'),
	(1211, 98, 0, 23, 6, 44, 1, 0, 0, 0, 0, 0, 0, 0, '0,0,0,0,0,0,0,0,0,0,0,0,0,0,0'),
	(1212, 98, 0, 23, 15, 2361, 1, 0, 0, 0, 0, 0, 0, 0, '0,0,0,0,0,0,0,0,0,0,0,0,0,0,0'),
	(1213, 98, 0, 23, 23, 159, 2, -1, 0, 0, 0, 0, 0, 0, '0,0,0,0,0,0,0,0,0,0,0,0,0,0,0'),
	(1216, 98, 0, 23, 26, 4536, 2, -1, 0, 0, 0, 0, 0, 0, '0,0,0,0,0,0,0,0,0,0,0,0,0,0,0'),
	(1218, 98, 0, 23, 25, 752, 1, 0, 0, 0, 0, 0, 0, 0, '0,0,0,0,0,0,0,0,0,0,0,0,0,0,0'),
	(1219, 26, 0, 23, 37, 1179, 2, -1, 0, 0, 0, 0, 0, 0, '0,0,0,0,0,0,0,0,0,0,0,0,0,0,0');
/*!40000 ALTER TABLE `character_inventory` ENABLE KEYS */;

-- Dumping structure for table alpha_realm.character_pets
CREATE TABLE IF NOT EXISTS `character_pets` (
  `pet_id` int(11) unsigned NOT NULL AUTO_INCREMENT,
  `owner_guid` int(11) unsigned NOT NULL DEFAULT 0,
  `creature_id` int(11) unsigned NOT NULL DEFAULT 0,
  `created_by_spell` int(11) unsigned NOT NULL DEFAULT 0,
  `level` int(11) unsigned NOT NULL DEFAULT 0,
  `xp` int(11) unsigned NOT NULL DEFAULT 0,
  `react_state` tinyint(1) unsigned NOT NULL DEFAULT 0,
  `command_state` tinyint(1) unsigned NOT NULL DEFAULT 0,
  `name` varchar(255) NOT NULL DEFAULT '',
  `rename_time` int(11) unsigned NOT NULL DEFAULT 0,
  `health` int(11) unsigned NOT NULL DEFAULT 0,
  `mana` int(11) unsigned NOT NULL DEFAULT 0,
  `action_bar` tinyblob NOT NULL,
  PRIMARY KEY (`pet_id`),
  KEY `fk_character_pets_characters1_idx` (`owner_guid`),
  CONSTRAINT `fk_character_pets_characters1` FOREIGN KEY (`owner_guid`) REFERENCES `characters` (`guid`) ON DELETE CASCADE ON UPDATE CASCADE
) ENGINE=InnoDB AUTO_INCREMENT=2 DEFAULT CHARSET=utf8mb4 COLLATE=utf8mb4_general_ci;

-- Dumping data for table alpha_realm.character_pets: ~0 rows (approximately)
/*!40000 ALTER TABLE `character_pets` DISABLE KEYS */;
/*!40000 ALTER TABLE `character_pets` ENABLE KEYS */;

-- Dumping structure for table alpha_realm.character_pet_spells
CREATE TABLE IF NOT EXISTS `character_pet_spells` (
  `guid` int(11) unsigned NOT NULL DEFAULT 0,
  `pet_id` int(11) unsigned NOT NULL DEFAULT 0,
  `spell_id` int(11) unsigned NOT NULL DEFAULT 0,
  PRIMARY KEY (`guid`,`spell_id`),
  KEY `fk_character_pet_spells_characters1_idx` (`guid`),
  KEY `fk_character_pet_spells_character_pets1_idx` (`pet_id`),
  CONSTRAINT `fk_character_pet_spells_character_pets1_idx` FOREIGN KEY (`pet_id`) REFERENCES `character_pets` (`pet_id`) ON DELETE CASCADE ON UPDATE CASCADE,
  CONSTRAINT `fk_character_pet_spells_characters1_idx` FOREIGN KEY (`guid`) REFERENCES `characters` (`guid`) ON DELETE CASCADE ON UPDATE CASCADE
) ENGINE=InnoDB DEFAULT CHARSET=utf8mb4 COLLATE=utf8mb4_general_ci;

-- Dumping data for table alpha_realm.character_pet_spells: ~0 rows (approximately)
/*!40000 ALTER TABLE `character_pet_spells` DISABLE KEYS */;
/*!40000 ALTER TABLE `character_pet_spells` ENABLE KEYS */;

-- Dumping structure for table alpha_realm.character_quest_state
CREATE TABLE IF NOT EXISTS `character_quest_state` (
  `guid` int(11) unsigned NOT NULL DEFAULT 0,
  `quest` int(11) unsigned NOT NULL DEFAULT 0,
  `state` int(11) unsigned NOT NULL DEFAULT 0,
  `rewarded` tinyint(1) unsigned NOT NULL DEFAULT 0,
  `explored` tinyint(1) unsigned NOT NULL DEFAULT 0,
  `timer` bigint(20) unsigned NOT NULL DEFAULT 0,
  `mobcount1` int(11) unsigned NOT NULL DEFAULT 0,
  `mobcount2` int(11) unsigned NOT NULL DEFAULT 0,
  `mobcount3` int(11) unsigned NOT NULL DEFAULT 0,
  `mobcount4` int(11) unsigned NOT NULL DEFAULT 0,
  `itemcount1` int(11) unsigned NOT NULL DEFAULT 0,
  `itemcount2` int(11) unsigned NOT NULL DEFAULT 0,
  `itemcount3` int(11) unsigned NOT NULL DEFAULT 0,
  `itemcount4` int(11) unsigned NOT NULL DEFAULT 0,
  `reward_choice` int(11) unsigned NOT NULL DEFAULT 0,
  PRIMARY KEY (`guid`,`quest`),
  CONSTRAINT `char_guid_quest_fk` FOREIGN KEY (`guid`) REFERENCES `characters` (`guid`) ON DELETE CASCADE ON UPDATE CASCADE
) ENGINE=InnoDB DEFAULT CHARSET=utf8mb4 COLLATE=utf8mb4_general_ci;

-- Dumping data for table alpha_realm.character_quest_state: ~22 rows (approximately)
/*!40000 ALTER TABLE `character_quest_state` DISABLE KEYS */;
INSERT INTO `character_quest_state` (`guid`, `quest`, `state`, `rewarded`, `explored`, `timer`, `mobcount1`, `mobcount2`, `mobcount3`, `mobcount4`, `itemcount1`, `itemcount2`, `itemcount3`, `itemcount4`, `reward_choice`) VALUES
	(2, 363, 3, 1, 0, 0, 0, 0, 0, 0, 0, 0, 0, 0, 0),
	(2, 364, 2, 0, 0, 0, 2, 0, 0, 0, 0, 0, 0, 0, 0),
	(5, 783, 3, 0, 0, 0, 0, 0, 0, 0, 0, 0, 0, 0, 0),
	(26, 47, 2, 0, 0, 0, 0, 0, 0, 0, 7, 0, 0, 0, 0),
	(26, 60, 2, 1, 0, 0, 0, 0, 0, 0, 0, 0, 0, 0, 0),
	(26, 61, 3, 0, 0, 0, 0, 0, 0, 0, 1, 0, 0, 0, 0),
	(26, 62, 2, 0, 0, 0, 0, 0, 0, 0, 0, 0, 0, 0, 0),
	(26, 153, 2, 0, 0, 0, 0, 0, 0, 0, 0, 0, 0, 0, 0),
	(26, 279, 2, 0, 0, 0, 4, 0, 0, 0, 0, 0, 0, 0, 0),
	(26, 288, 2, 0, 0, 0, 0, 0, 0, 0, 0, 0, 0, 0, 0),
	(26, 463, 3, 0, 0, 0, 0, 0, 0, 0, 0, 0, 0, 0, 0),
	(26, 1097, 3, 0, 0, 0, 0, 0, 0, 0, 0, 0, 0, 0, 0),
	(93, 35, 3, 0, 0, 0, 0, 0, 0, 0, 0, 0, 0, 0, 0),
	(93, 40, 3, 1, 0, 0, 0, 0, 0, 0, 0, 0, 0, 0, 0),
	(93, 62, 2, 0, 0, 0, 0, 0, 0, 0, 0, 0, 0, 0, 0),
	(95, 60, 2, 0, 0, 0, 0, 0, 0, 0, 0, 0, 0, 0, 0),
	(95, 1097, 3, 0, 0, 0, 0, 0, 0, 0, 0, 0, 0, 0, 0),
	(96, 783, 3, 0, 0, 0, 0, 0, 0, 0, 0, 0, 0, 0, 0),
	(98, 7, 3, 1, 0, 0, 7, 0, 0, 0, 0, 0, 0, 0, 0),
	(98, 15, 3, 1, 0, 0, 10, 0, 0, 0, 0, 0, 0, 0, 0),
	(98, 18, 2, 0, 0, 0, 0, 0, 0, 0, 1, 0, 0, 0, 0),
	(98, 21, 2, 0, 0, 0, 1, 0, 0, 0, 0, 0, 0, 0, 0),
	(98, 60, 2, 0, 0, 0, 0, 0, 0, 0, 0, 0, 0, 0, 0),
	(98, 783, 3, 1, 0, 0, 0, 0, 0, 0, 0, 0, 0, 0, 0);
/*!40000 ALTER TABLE `character_quest_state` ENABLE KEYS */;

-- Dumping structure for table alpha_realm.character_reputation
CREATE TABLE IF NOT EXISTS `character_reputation` (
  `guid` int(11) unsigned NOT NULL DEFAULT 0,
  `faction` int(11) unsigned NOT NULL DEFAULT 0,
  `standing` int(11) NOT NULL DEFAULT 0,
  `flags` tinyint(1) unsigned NOT NULL DEFAULT 0,
  `index` int(5) NOT NULL,
  PRIMARY KEY (`guid`,`faction`),
  CONSTRAINT `fk_character_reputation_character` FOREIGN KEY (`guid`) REFERENCES `characters` (`guid`) ON DELETE CASCADE ON UPDATE CASCADE
) ENGINE=InnoDB DEFAULT CHARSET=utf8mb3 COLLATE=utf8mb3_general_ci;

-- Dumping data for table alpha_realm.character_reputation: ~48 rows (approximately)
/*!40000 ALTER TABLE `character_reputation` DISABLE KEYS */;
INSERT INTO `character_reputation` (`guid`, `faction`, `standing`, `flags`, `index`) VALUES
	(2, 21, 0, 0, 1),
	(2, 87, -450, 2, 0),
	(2, 92, -250, 0, 2),
	(2, 93, -250, 0, 3),
	(5, 21, 0, 0, 1),
	(5, 87, -450, 2, 0),
	(5, 92, -250, 0, 2),
	(5, 93, -250, 0, 3),
	(8, 21, 0, 0, 1),
	(8, 87, -450, 2, 0),
	(8, 92, -250, 0, 2),
	(8, 93, -250, 0, 3),
	(24, 21, 0, 0, 1),
	(24, 87, -450, 2, 0),
	(24, 92, -250, 0, 2),
	(24, 93, -250, 0, 3),
	(26, 21, 0, 0, 1),
	(26, 87, -450, 2, 0),
	(26, 92, -250, 0, 2),
	(26, 93, -250, 0, 3),
	(36, 21, 0, 0, 1),
	(36, 87, -450, 2, 0),
	(36, 92, -250, 0, 2),
	(36, 93, -250, 0, 3),
	(37, 21, 0, 0, 1),
	(37, 87, -450, 2, 0),
	(37, 92, -250, 0, 2),
	(37, 93, -250, 0, 3),
	(62, 21, 0, 0, 1),
	(62, 87, -450, 2, 0),
	(62, 92, -250, 0, 2),
	(62, 93, -250, 0, 3),
	(93, 21, 0, 0, 1),
	(93, 87, -450, 2, 0),
	(93, 92, -250, 0, 2),
	(93, 93, -250, 0, 3),
	(95, 21, 0, 0, 1),
	(95, 87, -450, 2, 0),
	(95, 92, -250, 0, 2),
	(95, 93, -250, 0, 3),
	(96, 21, 0, 0, 1),
	(96, 87, -450, 2, 0),
	(96, 92, -250, 0, 2),
	(96, 93, -250, 0, 3),
	(97, 21, 0, 0, 1),
	(97, 87, -450, 2, 0),
	(97, 92, -250, 0, 2),
	(97, 93, -250, 0, 3),
	(98, 21, 0, 0, 1),
	(98, 87, -450, 2, 0),
	(98, 92, -250, 0, 2),
	(98, 93, -250, 0, 3);
/*!40000 ALTER TABLE `character_reputation` ENABLE KEYS */;

-- Dumping structure for table alpha_realm.character_skills
CREATE TABLE IF NOT EXISTS `character_skills` (
  `guid` int(11) unsigned NOT NULL DEFAULT 0,
  `skill` mediumint(9) unsigned NOT NULL DEFAULT 0,
  `value` mediumint(9) unsigned NOT NULL DEFAULT 0,
  `max` mediumint(9) unsigned NOT NULL DEFAULT 0,
  PRIMARY KEY (`guid`,`skill`),
  KEY `idx_guid2` (`guid`),
  CONSTRAINT `skill_guid` FOREIGN KEY (`guid`) REFERENCES `characters` (`guid`) ON DELETE CASCADE ON UPDATE CASCADE
) ENGINE=InnoDB DEFAULT CHARSET=utf8mb4 COLLATE=utf8mb4_general_ci;

-- Dumping data for table alpha_realm.character_skills: ~188 rows (approximately)
/*!40000 ALTER TABLE `character_skills` DISABLE KEYS */;
INSERT INTO `character_skills` (`guid`, `skill`, `value`, `max`) VALUES
	(2, 26, 2, 5),
	(2, 43, 3, 5),
	(2, 44, 1, 5),
	(2, 54, 1, 5),
	(2, 55, 1, 5),
	(2, 95, 3, 5),
	(2, 98, 300, 300),
	(2, 109, 300, 300),
	(2, 162, 1, 5),
	(2, 173, 1, 5),
	(2, 183, 1, 5),
	(2, 243, 3, 5),
	(2, 257, 3, 5),
	(5, 26, 1, 5),
	(5, 43, 1, 5),
	(5, 44, 1, 5),
	(5, 54, 1, 5),
	(5, 95, 2, 5),
	(5, 98, 300, 300),
	(5, 162, 1, 5),
	(5, 173, 1, 5),
	(5, 183, 1, 5),
	(5, 243, 2, 5),
	(5, 257, 2, 5),
	(8, 26, 1, 5),
	(8, 43, 3, 5),
	(8, 44, 1, 5),
	(8, 54, 1, 5),
	(8, 55, 1, 5),
	(8, 95, 5, 5),
	(8, 98, 300, 300),
	(8, 109, 300, 300),
	(8, 162, 1, 5),
	(8, 173, 1, 5),
	(8, 183, 1, 5),
	(8, 243, 4, 5),
	(8, 257, 5, 5),
	(24, 26, 1, 5),
	(24, 43, 1, 5),
	(24, 44, 1, 5),
	(24, 54, 1, 5),
	(24, 55, 1, 5),
	(24, 95, 2, 5),
	(24, 98, 300, 300),
	(24, 109, 300, 300),
	(24, 162, 1, 5),
	(24, 173, 1, 5),
	(24, 183, 1, 5),
	(24, 243, 5, 5),
	(24, 257, 2, 5),
	(26, 26, 93, 300),
	(26, 43, 96, 300),
	(26, 44, 1, 300),
	(26, 45, 1, 300),
	(26, 46, 1, 300),
	(26, 54, 1, 300),
	(26, 55, 114, 300),
	(26, 95, 300, 300),
	(26, 98, 300, 300),
	(26, 129, 1, 325),
	(26, 142, 1000, 1000),
	(26, 160, 1, 300),
	(26, 162, 1, 300),
	(26, 164, 1, 225),
	(26, 165, 1, 225),
	(26, 171, 1, 225),
	(26, 172, 19, 300),
	(26, 173, 1, 300),
	(26, 176, 1, 300),
	(26, 181, 1000, 1000),
	(26, 182, 6, 225),
	(26, 183, 4, 300),
	(26, 185, 1, 225),
	(26, 186, 1, 225),
	(26, 197, 1, 225),
	(26, 202, 1, 225),
	(26, 222, 1, 0),
	(26, 226, 1, 300),
	(26, 229, 1, 300),
	(26, 230, 1, 0),
	(26, 231, 1, 0),
	(26, 233, 1, 0),
	(26, 234, 1, 0),
	(26, 243, 59, 300),
	(26, 244, 14, 300),
	(26, 245, 1, 300),
	(26, 249, 1, 300),
	(26, 252, 1, 300),
	(26, 255, 1, 300),
	(26, 256, 52, 300),
	(26, 257, 261, 300),
	(26, 258, 1, 300),
	(26, 356, 1, 225),
	(36, 26, 1, 5),
	(36, 43, 1, 5),
	(36, 44, 1, 5),
	(36, 54, 1, 5),
	(36, 95, 1, 5),
	(36, 98, 300, 300),
	(36, 162, 1, 5),
	(36, 173, 1, 5),
	(36, 183, 1, 5),
	(36, 243, 2, 5),
	(36, 257, 1, 5),
	(37, 26, 1, 5),
	(37, 43, 1, 5),
	(37, 44, 1, 5),
	(37, 54, 1, 5),
	(37, 55, 1, 5),
	(37, 95, 1, 5),
	(37, 98, 300, 300),
	(37, 109, 300, 300),
	(37, 162, 1, 5),
	(37, 173, 1, 5),
	(37, 183, 1, 5),
	(37, 243, 1, 5),
	(37, 257, 1, 5),
	(62, 26, 1, 5),
	(62, 43, 1, 5),
	(62, 44, 1, 5),
	(62, 54, 1, 5),
	(62, 55, 1, 5),
	(62, 95, 3, 5),
	(62, 98, 300, 300),
	(62, 109, 300, 300),
	(62, 162, 1, 5),
	(62, 173, 1, 5),
	(62, 183, 2, 5),
	(62, 243, 2, 5),
	(62, 257, 4, 5),
	(93, 26, 1, 65),
	(93, 43, 9, 65),
	(93, 44, 1, 65),
	(93, 54, 1, 65),
	(93, 95, 24, 65),
	(93, 98, 300, 300),
	(93, 162, 1, 65),
	(93, 173, 1, 65),
	(93, 183, 1, 65),
	(93, 222, 1, 0),
	(93, 243, 9, 65),
	(93, 245, 1, 65),
	(93, 257, 21, 65),
	(95, 26, 1, 135),
	(95, 43, 22, 135),
	(95, 44, 1, 135),
	(95, 54, 1, 135),
	(95, 95, 7, 135),
	(95, 98, 300, 300),
	(95, 162, 1, 135),
	(95, 164, 1, 75),
	(95, 173, 1, 135),
	(95, 183, 1, 135),
	(95, 185, 1, 75),
	(95, 222, 1, 0),
	(95, 230, 1, 0),
	(95, 233, 1, 0),
	(95, 243, 15, 135),
	(95, 245, 1, 135),
	(95, 257, 7, 135),
	(96, 54, 1, 5),
	(96, 56, 2, 5),
	(96, 95, 5, 5),
	(96, 98, 300, 300),
	(96, 160, 2, 5),
	(96, 162, 1, 5),
	(96, 183, 1, 5),
	(96, 268, 1, 5),
	(97, 26, 1, 5),
	(97, 43, 1, 5),
	(97, 44, 1, 5),
	(97, 54, 1, 5),
	(97, 95, 1, 5),
	(97, 98, 300, 300),
	(97, 162, 1, 5),
	(97, 173, 1, 5),
	(97, 183, 1, 5),
	(97, 243, 1, 5),
	(97, 257, 1, 5),
	(98, 54, 1, 150),
	(98, 56, 2, 150),
	(98, 95, 15, 150),
	(98, 98, 300, 300),
	(98, 160, 12, 150),
	(98, 162, 1, 150),
	(98, 183, 1, 150),
	(98, 184, 6, 150),
	(98, 185, 1, 75),
	(98, 222, 1, 0),
	(98, 233, 1, 0),
	(98, 267, 3, 150),
	(98, 268, 1, 150);
/*!40000 ALTER TABLE `character_skills` ENABLE KEYS */;

-- Dumping structure for table alpha_realm.character_social
CREATE TABLE IF NOT EXISTS `character_social` (
  `guid` int(11) unsigned NOT NULL DEFAULT 0 COMMENT 'Character Global Unique Identifier',
  `friend` int(11) unsigned NOT NULL DEFAULT 0 COMMENT 'Friend Global Unique Identifier',
  `ignore` tinyint(1) unsigned NOT NULL DEFAULT 0 COMMENT 'Friend Flags',
  PRIMARY KEY (`guid`,`friend`),
  KEY `guid` (`guid`),
  KEY `friend` (`friend`),
  CONSTRAINT `social_frn` FOREIGN KEY (`friend`) REFERENCES `characters` (`guid`) ON DELETE CASCADE ON UPDATE CASCADE,
  CONSTRAINT `social_own` FOREIGN KEY (`guid`) REFERENCES `characters` (`guid`) ON DELETE CASCADE ON UPDATE CASCADE
) ENGINE=InnoDB DEFAULT CHARSET=utf8mb4 COLLATE=utf8mb4_general_ci;

-- Dumping data for table alpha_realm.character_social: ~0 rows (approximately)
/*!40000 ALTER TABLE `character_social` DISABLE KEYS */;
/*!40000 ALTER TABLE `character_social` ENABLE KEYS */;

-- Dumping structure for table alpha_realm.character_spells
CREATE TABLE IF NOT EXISTS `character_spells` (
  `guid` int(11) unsigned NOT NULL DEFAULT 0,
  `spell` int(11) unsigned NOT NULL DEFAULT 0,
  `active` tinyint(3) unsigned NOT NULL DEFAULT 1,
  `disabled` tinyint(3) unsigned NOT NULL DEFAULT 0,
  PRIMARY KEY (`guid`,`spell`),
  KEY `idx_spell` (`spell`),
  KEY `idx_guid3` (`guid`),
  CONSTRAINT `spell_guid` FOREIGN KEY (`guid`) REFERENCES `characters` (`guid`) ON DELETE CASCADE ON UPDATE CASCADE
) ENGINE=InnoDB DEFAULT CHARSET=utf8mb4 COLLATE=utf8mb4_general_ci;

-- Dumping data for table alpha_realm.character_spells: ~1,144 rows (approximately)
/*!40000 ALTER TABLE `character_spells` DISABLE KEYS */;
INSERT INTO `character_spells` (`guid`, `spell`, `active`, `disabled`) VALUES
	(2, 78, 1, 0),
	(2, 81, 1, 0),
	(2, 107, 1, 0),
	(2, 196, 1, 0),
	(2, 198, 1, 0),
	(2, 201, 1, 0),
	(2, 202, 1, 0),
	(2, 203, 1, 0),
	(2, 204, 1, 0),
	(2, 268, 1, 0),
	(2, 522, 1, 0),
	(2, 668, 1, 0),
	(2, 669, 1, 0),
	(2, 1180, 1, 0),
	(2, 2382, 1, 0),
	(2, 2457, 1, 0),
	(2, 3050, 1, 0),
	(2, 3365, 1, 0),
	(2, 4084, 1, 0),
	(2, 5227, 1, 0),
	(2, 5301, 1, 0),
	(2, 6233, 1, 0),
	(2, 6246, 1, 0),
	(2, 6247, 1, 0),
	(2, 6477, 1, 0),
	(2, 6478, 1, 0),
	(2, 6603, 1, 0),
	(2, 7266, 1, 0),
	(2, 7267, 1, 0),
	(2, 7355, 1, 0),
	(2, 7744, 1, 0),
	(5, 78, 1, 0),
	(5, 81, 1, 0),
	(5, 107, 1, 0),
	(5, 196, 1, 0),
	(5, 198, 1, 0),
	(5, 201, 1, 0),
	(5, 203, 1, 0),
	(5, 204, 1, 0),
	(5, 268, 1, 0),
	(5, 522, 1, 0),
	(5, 668, 1, 0),
	(5, 1180, 1, 0),
	(5, 2382, 1, 0),
	(5, 2457, 1, 0),
	(5, 3050, 1, 0),
	(5, 3365, 1, 0),
	(5, 5301, 1, 0),
	(5, 6233, 1, 0),
	(5, 6246, 1, 0),
	(5, 6247, 1, 0),
	(5, 6477, 1, 0),
	(5, 6478, 1, 0),
	(5, 6603, 1, 0),
	(5, 7266, 1, 0),
	(5, 7267, 1, 0),
	(5, 7355, 1, 0),
	(8, 78, 1, 0),
	(8, 81, 1, 0),
	(8, 107, 1, 0),
	(8, 196, 1, 0),
	(8, 198, 1, 0),
	(8, 201, 1, 0),
	(8, 202, 1, 0),
	(8, 203, 1, 0),
	(8, 204, 1, 0),
	(8, 268, 1, 0),
	(8, 522, 1, 0),
	(8, 668, 1, 0),
	(8, 669, 1, 0),
	(8, 1180, 1, 0),
	(8, 2382, 1, 0),
	(8, 2457, 1, 0),
	(8, 3050, 1, 0),
	(8, 3365, 1, 0),
	(8, 4084, 1, 0),
	(8, 5227, 1, 0),
	(8, 5301, 1, 0),
	(8, 6233, 1, 0),
	(8, 6246, 1, 0),
	(8, 6247, 1, 0),
	(8, 6477, 1, 0),
	(8, 6478, 1, 0),
	(8, 6603, 1, 0),
	(8, 7266, 1, 0),
	(8, 7267, 1, 0),
	(8, 7355, 1, 0),
	(8, 7744, 1, 0),
	(24, 78, 1, 0),
	(24, 81, 1, 0),
	(24, 107, 1, 0),
	(24, 196, 1, 0),
	(24, 198, 1, 0),
	(24, 201, 1, 0),
	(24, 202, 1, 0),
	(24, 203, 1, 0),
	(24, 204, 1, 0),
	(24, 268, 1, 0),
	(24, 522, 1, 0),
	(24, 668, 1, 0),
	(24, 669, 1, 0),
	(24, 1180, 1, 0),
	(24, 2382, 1, 0),
	(24, 2457, 1, 0),
	(24, 3050, 1, 0),
	(24, 3365, 1, 0),
	(24, 4084, 1, 0),
	(24, 5227, 1, 0),
	(24, 5301, 1, 0),
	(24, 6233, 1, 0),
	(24, 6246, 1, 0),
	(24, 6247, 1, 0),
	(24, 6477, 1, 0),
	(24, 6478, 1, 0),
	(24, 6603, 1, 0),
	(24, 7266, 1, 0),
	(24, 7267, 1, 0),
	(24, 7355, 1, 0),
	(24, 7744, 1, 0),
	(26, 1, 1, 0),
	(26, 71, 1, 0),
	(26, 72, 0, 0),
	(26, 78, 0, 0),
	(26, 81, 1, 0),
	(26, 100, 0, 0),
	(26, 107, 1, 0),
	(26, 196, 1, 0),
	(26, 197, 1, 0),
	(26, 198, 1, 0),
	(26, 199, 1, 0),
	(26, 200, 1, 0),
	(26, 201, 1, 0),
	(26, 202, 1, 0),
	(26, 203, 1, 0),
	(26, 204, 1, 0),
	(26, 264, 1, 0),
	(26, 266, 1, 0),
	(26, 268, 1, 0),
	(26, 284, 0, 0),
	(26, 285, 0, 0),
	(26, 355, 0, 0),
	(26, 472, 1, 0),
	(26, 522, 1, 0),
	(26, 601, 0, 0),
	(26, 668, 1, 0),
	(26, 676, 1, 0),
	(26, 694, 0, 0),
	(26, 746, 1, 0),
	(26, 772, 0, 0),
	(26, 818, 1, 0),
	(26, 819, 0, 0),
	(26, 820, 0, 0),
	(26, 836, 1, 0),
	(26, 845, 0, 0),
	(26, 871, 1, 0),
	(26, 903, 1, 0),
	(26, 966, 1, 0),
	(26, 1114, 0, 0),
	(26, 1130, 1, 0),
	(26, 1134, 1, 0),
	(26, 1159, 1, 0),
	(26, 1160, 0, 0),
	(26, 1161, 1, 0),
	(26, 1180, 1, 0),
	(26, 1181, 0, 0),
	(26, 1182, 0, 0),
	(26, 1183, 0, 0),
	(26, 1353, 1, 0),
	(26, 1494, 1, 0),
	(26, 1543, 1, 0),
	(26, 1608, 1, 0),
	(26, 1671, 0, 0),
	(26, 1672, 0, 0),
	(26, 1715, 0, 0),
	(26, 1719, 1, 0),
	(26, 1804, 0, 0),
	(26, 2018, 0, 0),
	(26, 2108, 0, 0),
	(26, 2149, 1, 0),
	(26, 2152, 1, 0),
	(26, 2153, 1, 0),
	(26, 2158, 1, 0),
	(26, 2159, 1, 0),
	(26, 2160, 1, 0),
	(26, 2161, 1, 0),
	(26, 2162, 1, 0),
	(26, 2163, 1, 0),
	(26, 2164, 1, 0),
	(26, 2165, 1, 0),
	(26, 2166, 1, 0),
	(26, 2167, 1, 0),
	(26, 2168, 1, 0),
	(26, 2169, 1, 0),
	(26, 2259, 0, 0),
	(26, 2329, 1, 0),
	(26, 2330, 1, 0),
	(26, 2331, 1, 0),
	(26, 2332, 1, 0),
	(26, 2333, 1, 0),
	(26, 2334, 1, 0),
	(26, 2335, 1, 0),
	(26, 2336, 1, 0),
	(26, 2337, 1, 0),
	(26, 2366, 0, 0),
	(26, 2368, 1, 0),
	(26, 2369, 1, 0),
	(26, 2371, 1, 0),
	(26, 2382, 1, 0),
	(26, 2383, 1, 0),
	(26, 2385, 1, 0),
	(26, 2386, 1, 0),
	(26, 2387, 1, 0),
	(26, 2389, 1, 0),
	(26, 2392, 1, 0),
	(26, 2393, 1, 0),
	(26, 2394, 1, 0),
	(26, 2395, 1, 0),
	(26, 2396, 1, 0),
	(26, 2397, 1, 0),
	(26, 2399, 1, 0),
	(26, 2401, 1, 0),
	(26, 2402, 1, 0),
	(26, 2403, 1, 0),
	(26, 2406, 1, 0),
	(26, 2457, 1, 0),
	(26, 2458, 1, 0),
	(26, 2480, 1, 0),
	(26, 2538, 1, 0),
	(26, 2539, 1, 0),
	(26, 2540, 1, 0),
	(26, 2541, 1, 0),
	(26, 2542, 1, 0),
	(26, 2543, 1, 0),
	(26, 2544, 1, 0),
	(26, 2545, 1, 0),
	(26, 2546, 1, 0),
	(26, 2547, 1, 0),
	(26, 2548, 1, 0),
	(26, 2549, 1, 0),
	(26, 2550, 0, 0),
	(26, 2565, 1, 0),
	(26, 2567, 1, 0),
	(26, 2575, 0, 0),
	(26, 2576, 1, 0),
	(26, 2577, 0, 0),
	(26, 2578, 0, 0),
	(26, 2579, 1, 0),
	(26, 2580, 1, 0),
	(26, 2635, 0, 0),
	(26, 2637, 1, 0),
	(26, 2656, 1, 0),
	(26, 2657, 1, 0),
	(26, 2658, 1, 0),
	(26, 2659, 1, 0),
	(26, 2660, 1, 0),
	(26, 2661, 1, 0),
	(26, 2662, 1, 0),
	(26, 2663, 1, 0),
	(26, 2664, 1, 0),
	(26, 2665, 1, 0),
	(26, 2666, 1, 0),
	(26, 2667, 1, 0),
	(26, 2668, 1, 0),
	(26, 2670, 1, 0),
	(26, 2671, 1, 0),
	(26, 2672, 1, 0),
	(26, 2673, 1, 0),
	(26, 2674, 1, 0),
	(26, 2675, 1, 0),
	(26, 2692, 0, 0),
	(26, 2737, 1, 0),
	(26, 2738, 1, 0),
	(26, 2739, 1, 0),
	(26, 2740, 1, 0),
	(26, 2741, 1, 0),
	(26, 2742, 1, 0),
	(26, 2795, 1, 0),
	(26, 2881, 1, 0),
	(26, 2963, 1, 0),
	(26, 2964, 1, 0),
	(26, 3050, 1, 0),
	(26, 3100, 1, 0),
	(26, 3101, 1, 0),
	(26, 3102, 0, 0),
	(26, 3104, 1, 0),
	(26, 3115, 1, 0),
	(26, 3116, 1, 0),
	(26, 3117, 1, 0),
	(26, 3127, 1, 0),
	(26, 3170, 1, 0),
	(26, 3171, 1, 0),
	(26, 3172, 1, 0),
	(26, 3173, 1, 0),
	(26, 3174, 1, 0),
	(26, 3175, 1, 0),
	(26, 3176, 1, 0),
	(26, 3177, 1, 0),
	(26, 3188, 1, 0),
	(26, 3230, 1, 0),
	(26, 3267, 1, 0),
	(26, 3268, 1, 0),
	(26, 3273, 1, 0),
	(26, 3274, 1, 0),
	(26, 3275, 1, 0),
	(26, 3276, 1, 0),
	(26, 3277, 1, 0),
	(26, 3278, 1, 0),
	(26, 3292, 1, 0),
	(26, 3293, 1, 0),
	(26, 3294, 1, 0),
	(26, 3295, 1, 0),
	(26, 3296, 1, 0),
	(26, 3297, 1, 0),
	(26, 3304, 1, 0),
	(26, 3307, 1, 0),
	(26, 3308, 1, 0),
	(26, 3319, 1, 0),
	(26, 3320, 1, 0),
	(26, 3321, 1, 0),
	(26, 3323, 1, 0),
	(26, 3324, 1, 0),
	(26, 3325, 1, 0),
	(26, 3326, 1, 0),
	(26, 3328, 1, 0),
	(26, 3330, 1, 0),
	(26, 3331, 1, 0),
	(26, 3333, 1, 0),
	(26, 3334, 1, 0),
	(26, 3336, 1, 0),
	(26, 3337, 1, 0),
	(26, 3365, 1, 0),
	(26, 3370, 1, 0),
	(26, 3371, 1, 0),
	(26, 3372, 1, 0),
	(26, 3373, 1, 0),
	(26, 3376, 1, 0),
	(26, 3377, 1, 0),
	(26, 3397, 1, 0),
	(26, 3398, 1, 0),
	(26, 3399, 1, 0),
	(26, 3400, 1, 0),
	(26, 3413, 1, 0),
	(26, 3447, 1, 0),
	(26, 3448, 1, 0),
	(26, 3449, 1, 0),
	(26, 3450, 1, 0),
	(26, 3451, 1, 0),
	(26, 3452, 1, 0),
	(26, 3453, 1, 0),
	(26, 3454, 1, 0),
	(26, 3464, 1, 0),
	(26, 3491, 1, 0),
	(26, 3492, 1, 0),
	(26, 3493, 1, 0),
	(26, 3494, 1, 0),
	(26, 3495, 1, 0),
	(26, 3496, 1, 0),
	(26, 3497, 1, 0),
	(26, 3498, 1, 0),
	(26, 3500, 1, 0),
	(26, 3501, 1, 0),
	(26, 3502, 1, 0),
	(26, 3503, 1, 0),
	(26, 3504, 1, 0),
	(26, 3505, 1, 0),
	(26, 3506, 1, 0),
	(26, 3507, 1, 0),
	(26, 3508, 1, 0),
	(26, 3511, 1, 0),
	(26, 3513, 1, 0),
	(26, 3515, 1, 0),
	(26, 3538, 1, 0),
	(26, 3564, 1, 0),
	(26, 3569, 1, 0),
	(26, 3570, 1, 0),
	(26, 3741, 0, 0),
	(26, 3753, 1, 0),
	(26, 3755, 1, 0),
	(26, 3756, 1, 0),
	(26, 3757, 1, 0),
	(26, 3758, 1, 0),
	(26, 3759, 1, 0),
	(26, 3760, 1, 0),
	(26, 3761, 1, 0),
	(26, 3762, 1, 0),
	(26, 3763, 1, 0),
	(26, 3764, 1, 0),
	(26, 3765, 1, 0),
	(26, 3766, 1, 0),
	(26, 3767, 1, 0),
	(26, 3768, 1, 0),
	(26, 3769, 1, 0),
	(26, 3770, 1, 0),
	(26, 3771, 1, 0),
	(26, 3772, 1, 0),
	(26, 3773, 1, 0),
	(26, 3774, 1, 0),
	(26, 3775, 1, 0),
	(26, 3776, 1, 0),
	(26, 3777, 1, 0),
	(26, 3778, 1, 0),
	(26, 3779, 1, 0),
	(26, 3780, 1, 0),
	(26, 3811, 1, 0),
	(26, 3813, 1, 0),
	(26, 3816, 1, 0),
	(26, 3817, 1, 0),
	(26, 3818, 1, 0),
	(26, 3825, 1, 0),
	(26, 3839, 1, 0),
	(26, 3840, 1, 0),
	(26, 3841, 1, 0),
	(26, 3842, 1, 0),
	(26, 3843, 1, 0),
	(26, 3844, 1, 0),
	(26, 3845, 1, 0),
	(26, 3847, 1, 0),
	(26, 3848, 1, 0),
	(26, 3849, 1, 0),
	(26, 3850, 1, 0),
	(26, 3851, 1, 0),
	(26, 3852, 1, 0),
	(26, 3854, 1, 0),
	(26, 3855, 1, 0),
	(26, 3856, 1, 0),
	(26, 3857, 1, 0),
	(26, 3858, 1, 0),
	(26, 3859, 1, 0),
	(26, 3860, 1, 0),
	(26, 3861, 1, 0),
	(26, 3862, 1, 0),
	(26, 3863, 1, 0),
	(26, 3864, 1, 0),
	(26, 3865, 1, 0),
	(26, 3866, 1, 0),
	(26, 3868, 1, 0),
	(26, 3869, 1, 0),
	(26, 3870, 1, 0),
	(26, 3871, 1, 0),
	(26, 3872, 1, 0),
	(26, 3873, 1, 0),
	(26, 3908, 0, 0),
	(26, 3909, 1, 0),
	(26, 3910, 1, 0),
	(26, 3914, 1, 0),
	(26, 3915, 1, 0),
	(26, 3918, 1, 0),
	(26, 3919, 1, 0),
	(26, 3920, 1, 0),
	(26, 3922, 1, 0),
	(26, 3923, 1, 0),
	(26, 3924, 1, 0),
	(26, 3925, 1, 0),
	(26, 3926, 1, 0),
	(26, 3928, 1, 0),
	(26, 3929, 1, 0),
	(26, 3930, 1, 0),
	(26, 3931, 1, 0),
	(26, 3932, 1, 0),
	(26, 3933, 1, 0),
	(26, 3934, 1, 0),
	(26, 3936, 1, 0),
	(26, 3937, 1, 0),
	(26, 3938, 1, 0),
	(26, 3939, 1, 0),
	(26, 3940, 1, 0),
	(26, 3941, 1, 0),
	(26, 3942, 1, 0),
	(26, 3944, 1, 0),
	(26, 3945, 1, 0),
	(26, 3946, 1, 0),
	(26, 3947, 1, 0),
	(26, 3949, 1, 0),
	(26, 3950, 1, 0),
	(26, 3952, 1, 0),
	(26, 3953, 1, 0),
	(26, 3954, 1, 0),
	(26, 3955, 1, 0),
	(26, 3956, 1, 0),
	(26, 3957, 1, 0),
	(26, 3958, 1, 0),
	(26, 3959, 1, 0),
	(26, 3960, 1, 0),
	(26, 3961, 1, 0),
	(26, 3962, 1, 0),
	(26, 3963, 1, 0),
	(26, 3965, 1, 0),
	(26, 3966, 1, 0),
	(26, 3967, 1, 0),
	(26, 3968, 1, 0),
	(26, 3969, 1, 0),
	(26, 3971, 1, 0),
	(26, 3972, 1, 0),
	(26, 3973, 1, 0),
	(26, 3977, 1, 0),
	(26, 3978, 1, 0),
	(26, 3979, 1, 0),
	(26, 4036, 0, 0),
	(26, 4037, 0, 0),
	(26, 4038, 1, 0),
	(26, 4094, 1, 0),
	(26, 4096, 1, 0),
	(26, 4097, 1, 0),
	(26, 4116, 0, 0),
	(26, 4117, 0, 0),
	(26, 4118, 0, 0),
	(26, 4119, 0, 0),
	(26, 4120, 0, 0),
	(26, 4121, 0, 0),
	(26, 4122, 0, 0),
	(26, 4171, 0, 0),
	(26, 4172, 0, 0),
	(26, 4173, 0, 0),
	(26, 4174, 0, 0),
	(26, 4175, 0, 0),
	(26, 4176, 0, 0),
	(26, 4177, 0, 0),
	(26, 4178, 0, 0),
	(26, 4187, 0, 0),
	(26, 4188, 0, 0),
	(26, 4189, 0, 0),
	(26, 4190, 0, 0),
	(26, 4191, 0, 0),
	(26, 4192, 0, 0),
	(26, 4193, 0, 0),
	(26, 4194, 0, 0),
	(26, 4204, 0, 0),
	(26, 4205, 0, 0),
	(26, 4206, 0, 0),
	(26, 4207, 0, 0),
	(26, 4208, 0, 0),
	(26, 4210, 0, 0),
	(26, 4211, 0, 0),
	(26, 4212, 0, 0),
	(26, 4222, 0, 0),
	(26, 4223, 0, 0),
	(26, 4224, 0, 0),
	(26, 4225, 0, 0),
	(26, 4226, 0, 0),
	(26, 4227, 0, 0),
	(26, 4228, 0, 0),
	(26, 4229, 0, 0),
	(26, 4247, 0, 0),
	(26, 4248, 0, 0),
	(26, 4249, 0, 0),
	(26, 4250, 0, 0),
	(26, 4251, 0, 0),
	(26, 4252, 0, 0),
	(26, 4253, 1, 0),
	(26, 4287, 1, 0),
	(26, 4289, 0, 0),
	(26, 4290, 1, 0),
	(26, 4293, 0, 0),
	(26, 4294, 1, 0),
	(26, 4301, 0, 0),
	(26, 4302, 0, 0),
	(26, 4303, 1, 0),
	(26, 4307, 0, 0),
	(26, 4308, 0, 0),
	(26, 4309, 1, 0),
	(26, 4328, 0, 0),
	(26, 4329, 0, 0),
	(26, 4330, 1, 0),
	(26, 4334, 0, 0),
	(26, 4335, 0, 0),
	(26, 4336, 0, 0),
	(26, 4338, 0, 0),
	(26, 4339, 0, 0),
	(26, 4340, 0, 0),
	(26, 4341, 0, 0),
	(26, 4342, 0, 0),
	(26, 4350, 0, 0),
	(26, 4351, 1, 0),
	(26, 4366, 0, 0),
	(26, 4368, 0, 0),
	(26, 4369, 0, 0),
	(26, 4370, 0, 0),
	(26, 4371, 0, 0),
	(26, 4372, 0, 0),
	(26, 4373, 0, 0),
	(26, 4374, 0, 0),
	(26, 4398, 0, 0),
	(26, 4400, 1, 0),
	(26, 4402, 0, 0),
	(26, 4405, 1, 0),
	(26, 4406, 0, 0),
	(26, 4408, 1, 0),
	(26, 4414, 0, 0),
	(26, 4416, 0, 0),
	(26, 4417, 1, 0),
	(26, 4418, 0, 0),
	(26, 4420, 0, 0),
	(26, 4421, 1, 0),
	(26, 4426, 0, 0),
	(26, 4428, 0, 0),
	(26, 4429, 1, 0),
	(26, 4433, 0, 0),
	(26, 4435, 0, 0),
	(26, 4437, 1, 0),
	(26, 4440, 0, 0),
	(26, 4442, 0, 0),
	(26, 4443, 0, 0),
	(26, 4444, 0, 0),
	(26, 4445, 0, 0),
	(26, 4446, 0, 0),
	(26, 4447, 0, 0),
	(26, 4448, 0, 0),
	(26, 4456, 0, 0),
	(26, 4458, 0, 0),
	(26, 4459, 0, 0),
	(26, 4460, 0, 0),
	(26, 4461, 0, 0),
	(26, 4462, 0, 0),
	(26, 4463, 0, 0),
	(26, 4464, 0, 0),
	(26, 4472, 0, 0),
	(26, 4474, 0, 0),
	(26, 4475, 0, 0),
	(26, 4476, 0, 0),
	(26, 4477, 0, 0),
	(26, 4478, 0, 0),
	(26, 4479, 0, 0),
	(26, 4480, 0, 0),
	(26, 4508, 1, 0),
	(26, 4527, 0, 0),
	(26, 4528, 0, 0),
	(26, 4529, 0, 0),
	(26, 4530, 0, 0),
	(26, 4531, 0, 0),
	(26, 4532, 0, 0),
	(26, 4533, 1, 0),
	(26, 4540, 0, 0),
	(26, 4541, 0, 0),
	(26, 4542, 0, 0),
	(26, 4543, 0, 0),
	(26, 4544, 0, 0),
	(26, 4545, 0, 0),
	(26, 4546, 1, 0),
	(26, 4547, 0, 0),
	(26, 4548, 0, 0),
	(26, 4549, 0, 0),
	(26, 4550, 0, 0),
	(26, 4551, 0, 0),
	(26, 4552, 0, 0),
	(26, 4553, 0, 0),
	(26, 4554, 0, 0),
	(26, 4555, 0, 0),
	(26, 4556, 0, 0),
	(26, 4557, 1, 0),
	(26, 4558, 0, 0),
	(26, 4559, 0, 0),
	(26, 4560, 0, 0),
	(26, 4561, 0, 0),
	(26, 4562, 0, 0),
	(26, 4563, 0, 0),
	(26, 4564, 1, 0),
	(26, 4565, 0, 0),
	(26, 4566, 0, 0),
	(26, 4567, 0, 0),
	(26, 4568, 0, 0),
	(26, 4569, 0, 0),
	(26, 4570, 0, 0),
	(26, 4571, 1, 0),
	(26, 4572, 0, 0),
	(26, 4573, 0, 0),
	(26, 4574, 0, 0),
	(26, 4575, 0, 0),
	(26, 4576, 0, 0),
	(26, 4577, 0, 0),
	(26, 4578, 1, 0),
	(26, 4579, 0, 0),
	(26, 4580, 0, 0),
	(26, 4581, 0, 0),
	(26, 4582, 0, 0),
	(26, 4583, 0, 0),
	(26, 4584, 0, 0),
	(26, 4585, 0, 0),
	(26, 4586, 1, 0),
	(26, 4631, 0, 0),
	(26, 4632, 0, 0),
	(26, 4633, 0, 0),
	(26, 4634, 0, 0),
	(26, 4635, 0, 0),
	(26, 4636, 1, 0),
	(26, 4645, 0, 0),
	(26, 4646, 0, 0),
	(26, 4647, 0, 0),
	(26, 4648, 0, 0),
	(26, 4649, 0, 0),
	(26, 4650, 1, 0),
	(26, 4661, 0, 0),
	(26, 4662, 0, 0),
	(26, 4663, 0, 0),
	(26, 4664, 0, 0),
	(26, 4665, 0, 0),
	(26, 4666, 1, 0),
	(26, 4678, 0, 0),
	(26, 4680, 0, 0),
	(26, 4681, 0, 0),
	(26, 4683, 0, 0),
	(26, 4684, 0, 0),
	(26, 4685, 1, 0),
	(26, 4697, 0, 0),
	(26, 4699, 0, 0),
	(26, 4700, 0, 0),
	(26, 4701, 0, 0),
	(26, 4702, 0, 0),
	(26, 4703, 1, 0),
	(26, 4714, 0, 0),
	(26, 4717, 0, 0),
	(26, 4718, 0, 0),
	(26, 4719, 0, 0),
	(26, 4720, 0, 0),
	(26, 4721, 0, 0),
	(26, 4722, 1, 0),
	(26, 4751, 0, 0),
	(26, 4752, 1, 0),
	(26, 4760, 0, 0),
	(26, 4762, 0, 0),
	(26, 4763, 0, 0),
	(26, 4778, 0, 0),
	(26, 4780, 0, 0),
	(26, 4942, 1, 0),
	(26, 5011, 1, 0),
	(26, 5027, 0, 0),
	(26, 5028, 0, 0),
	(26, 5029, 0, 0),
	(26, 5030, 0, 0),
	(26, 5031, 0, 0),
	(26, 5032, 0, 0),
	(26, 5033, 1, 0),
	(26, 5041, 0, 0),
	(26, 5042, 0, 0),
	(26, 5043, 0, 0),
	(26, 5044, 0, 0),
	(26, 5045, 0, 0),
	(26, 5046, 0, 0),
	(26, 5047, 1, 0),
	(26, 5055, 0, 0),
	(26, 5056, 0, 0),
	(26, 5057, 0, 0),
	(26, 5058, 0, 0),
	(26, 5059, 0, 0),
	(26, 5060, 0, 0),
	(26, 5061, 1, 0),
	(26, 5069, 0, 0),
	(26, 5070, 0, 0),
	(26, 5071, 0, 0),
	(26, 5072, 0, 0),
	(26, 5073, 0, 0),
	(26, 5074, 0, 0),
	(26, 5075, 1, 0),
	(26, 5084, 0, 0),
	(26, 5085, 0, 0),
	(26, 5086, 0, 0),
	(26, 5087, 0, 0),
	(26, 5088, 0, 0),
	(26, 5089, 0, 0),
	(26, 5090, 1, 0),
	(26, 5118, 1, 0),
	(26, 5119, 1, 0),
	(26, 5120, 1, 0),
	(26, 5121, 1, 0),
	(26, 5122, 1, 0),
	(26, 5123, 1, 0),
	(26, 5124, 1, 0),
	(26, 5242, 0, 0),
	(26, 5244, 1, 0),
	(26, 5246, 1, 0),
	(26, 5301, 1, 0),
	(26, 5340, 0, 0),
	(26, 5341, 0, 0),
	(26, 5342, 0, 0),
	(26, 5343, 0, 0),
	(26, 5344, 0, 0),
	(26, 5345, 1, 0),
	(26, 5348, 0, 0),
	(26, 5349, 0, 0),
	(26, 5350, 0, 0),
	(26, 5351, 0, 0),
	(26, 5352, 0, 0),
	(26, 5353, 0, 0),
	(26, 5354, 1, 0),
	(26, 5355, 0, 0),
	(26, 5356, 0, 0),
	(26, 5357, 0, 0),
	(26, 5358, 0, 0),
	(26, 5359, 0, 0),
	(26, 5360, 1, 0),
	(26, 5428, 0, 0),
	(26, 5429, 0, 0),
	(26, 5430, 0, 0),
	(26, 5431, 0, 0),
	(26, 5432, 0, 0),
	(26, 5433, 0, 0),
	(26, 5454, 0, 0),
	(26, 5455, 0, 0),
	(26, 5456, 1, 0),
	(26, 5466, 0, 0),
	(26, 5467, 0, 0),
	(26, 5468, 1, 0),
	(26, 5481, 0, 0),
	(26, 5482, 0, 0),
	(26, 5483, 1, 0),
	(26, 5509, 0, 0),
	(26, 5510, 0, 0),
	(26, 5511, 1, 0),
	(26, 5513, 1, 0),
	(26, 5527, 0, 0),
	(26, 5528, 0, 0),
	(26, 5529, 1, 0),
	(26, 5545, 0, 0),
	(26, 5546, 0, 0),
	(26, 5547, 1, 0),
	(26, 5548, 0, 0),
	(26, 5549, 0, 0),
	(26, 5550, 0, 0),
	(26, 5551, 0, 0),
	(26, 5552, 0, 0),
	(26, 5553, 0, 0),
	(26, 5554, 1, 0),
	(26, 5682, 0, 0),
	(26, 5683, 0, 0),
	(26, 5684, 0, 0),
	(26, 5685, 0, 0),
	(26, 5686, 1, 0),
	(26, 5757, 0, 0),
	(26, 5758, 1, 0),
	(26, 5786, 0, 0),
	(26, 5787, 0, 0),
	(26, 5788, 0, 0),
	(26, 5789, 0, 0),
	(26, 5790, 0, 0),
	(26, 5791, 1, 0),
	(26, 5794, 1, 0),
	(26, 5941, 0, 0),
	(26, 5942, 0, 0),
	(26, 5943, 1, 0),
	(26, 5969, 0, 0),
	(26, 5970, 0, 0),
	(26, 5971, 0, 0),
	(26, 5972, 1, 0),
	(26, 5973, 0, 0),
	(26, 5974, 0, 0),
	(26, 5975, 0, 0),
	(26, 5976, 0, 0),
	(26, 5977, 0, 0),
	(26, 5979, 1, 0),
	(26, 6152, 0, 0),
	(26, 6159, 0, 0),
	(26, 6160, 0, 0),
	(26, 6161, 0, 0),
	(26, 6162, 0, 0),
	(26, 6178, 1, 0),
	(26, 6190, 1, 0),
	(26, 6192, 1, 0),
	(26, 6197, 1, 0),
	(26, 6233, 1, 0),
	(26, 6246, 1, 0),
	(26, 6247, 1, 0),
	(26, 6412, 1, 0),
	(26, 6413, 1, 0),
	(26, 6414, 1, 0),
	(26, 6415, 1, 0),
	(26, 6416, 1, 0),
	(26, 6417, 1, 0),
	(26, 6418, 1, 0),
	(26, 6419, 1, 0),
	(26, 6441, 1, 0),
	(26, 6458, 1, 0),
	(26, 6461, 0, 0),
	(26, 6463, 1, 0),
	(26, 6470, 1, 0),
	(26, 6471, 1, 0),
	(26, 6477, 1, 0),
	(26, 6478, 1, 0),
	(26, 6499, 1, 0),
	(26, 6500, 1, 0),
	(26, 6501, 1, 0),
	(26, 6517, 1, 0),
	(26, 6518, 1, 0),
	(26, 6521, 1, 0),
	(26, 6546, 0, 0),
	(26, 6547, 0, 0),
	(26, 6548, 1, 0),
	(26, 6552, 0, 0),
	(26, 6554, 0, 0),
	(26, 6555, 1, 0),
	(26, 6572, 0, 0),
	(26, 6574, 0, 0),
	(26, 6603, 1, 0),
	(26, 6617, 1, 0),
	(26, 6618, 1, 0),
	(26, 6619, 1, 0),
	(26, 6624, 1, 0),
	(26, 6661, 1, 0),
	(26, 6673, 0, 0),
	(26, 6686, 1, 0),
	(26, 6688, 1, 0),
	(26, 6690, 1, 0),
	(26, 6692, 1, 0),
	(26, 6693, 1, 0),
	(26, 6695, 1, 0),
	(26, 6702, 1, 0),
	(26, 6703, 1, 0),
	(26, 6704, 1, 0),
	(26, 6705, 1, 0),
	(26, 6991, 1, 0),
	(26, 7126, 1, 0),
	(26, 7133, 1, 0),
	(26, 7135, 1, 0),
	(26, 7147, 1, 0),
	(26, 7149, 1, 0),
	(26, 7151, 1, 0),
	(26, 7153, 1, 0),
	(26, 7156, 1, 0),
	(26, 7179, 1, 0),
	(26, 7181, 1, 0),
	(26, 7183, 1, 0),
	(26, 7200, 1, 0),
	(26, 7211, 1, 0),
	(26, 7213, 1, 0),
	(26, 7221, 1, 0),
	(26, 7222, 1, 0),
	(26, 7223, 1, 0),
	(26, 7224, 1, 0),
	(26, 7255, 1, 0),
	(26, 7256, 1, 0),
	(26, 7257, 1, 0),
	(26, 7258, 1, 0),
	(26, 7259, 1, 0),
	(26, 7266, 1, 0),
	(26, 7267, 1, 0),
	(26, 7355, 1, 0),
	(26, 7359, 1, 0),
	(26, 7369, 0, 0),
	(26, 7370, 0, 0),
	(26, 7371, 1, 0),
	(26, 7372, 0, 0),
	(26, 7373, 1, 0),
	(26, 7377, 1, 0),
	(26, 7379, 1, 0),
	(26, 7384, 0, 0),
	(26, 7386, 0, 0),
	(26, 7390, 0, 0),
	(26, 7391, 1, 0),
	(26, 7400, 0, 0),
	(26, 7402, 1, 0),
	(26, 7405, 1, 0),
	(26, 7408, 1, 0),
	(26, 7430, 1, 0),
	(26, 7620, 0, 0),
	(26, 7623, 1, 0),
	(26, 7624, 1, 0),
	(26, 7629, 1, 0),
	(26, 7630, 1, 0),
	(26, 7633, 1, 0),
	(26, 7636, 1, 0),
	(26, 7639, 1, 0),
	(26, 7643, 1, 0),
	(26, 7731, 0, 0),
	(26, 7732, 1, 0),
	(26, 7738, 1, 0),
	(26, 7751, 1, 0),
	(26, 7752, 1, 0),
	(26, 7753, 1, 0),
	(26, 7754, 1, 0),
	(26, 7755, 1, 0),
	(26, 7817, 1, 0),
	(26, 7818, 1, 0),
	(26, 7827, 1, 0),
	(26, 7828, 1, 0),
	(26, 7836, 1, 0),
	(26, 7837, 1, 0),
	(26, 7841, 1, 0),
	(26, 7845, 1, 0),
	(26, 7887, 1, 0),
	(26, 7892, 1, 0),
	(26, 7893, 1, 0),
	(36, 78, 1, 0),
	(36, 81, 1, 0),
	(36, 107, 1, 0),
	(36, 196, 1, 0),
	(36, 198, 1, 0),
	(36, 201, 1, 0),
	(36, 203, 1, 0),
	(36, 204, 1, 0),
	(36, 268, 1, 0),
	(36, 522, 1, 0),
	(36, 668, 1, 0),
	(36, 1180, 1, 0),
	(36, 2382, 1, 0),
	(36, 2457, 1, 0),
	(36, 3050, 1, 0),
	(36, 3365, 1, 0),
	(36, 5301, 1, 0),
	(36, 6233, 1, 0),
	(36, 6246, 1, 0),
	(36, 6247, 1, 0),
	(36, 6477, 1, 0),
	(36, 6478, 1, 0),
	(36, 6603, 1, 0),
	(36, 7266, 1, 0),
	(36, 7267, 1, 0),
	(36, 7355, 1, 0),
	(37, 78, 1, 0),
	(37, 81, 1, 0),
	(37, 107, 1, 0),
	(37, 196, 1, 0),
	(37, 198, 1, 0),
	(37, 201, 1, 0),
	(37, 202, 1, 0),
	(37, 203, 1, 0),
	(37, 204, 1, 0),
	(37, 268, 1, 0),
	(37, 522, 1, 0),
	(37, 668, 1, 0),
	(37, 669, 1, 0),
	(37, 1180, 1, 0),
	(37, 2382, 1, 0),
	(37, 2457, 1, 0),
	(37, 3050, 1, 0),
	(37, 3365, 1, 0),
	(37, 4084, 1, 0),
	(37, 5227, 1, 0),
	(37, 5301, 1, 0),
	(37, 6233, 1, 0),
	(37, 6246, 1, 0),
	(37, 6247, 1, 0),
	(37, 6477, 1, 0),
	(37, 6478, 1, 0),
	(37, 6603, 1, 0),
	(37, 7266, 1, 0),
	(37, 7267, 1, 0),
	(37, 7355, 1, 0),
	(37, 7744, 1, 0),
	(62, 78, 1, 0),
	(62, 81, 1, 0),
	(62, 107, 1, 0),
	(62, 196, 1, 0),
	(62, 198, 1, 0),
	(62, 201, 1, 0),
	(62, 202, 1, 0),
	(62, 203, 1, 0),
	(62, 204, 1, 0),
	(62, 268, 1, 0),
	(62, 522, 1, 0),
	(62, 668, 1, 0),
	(62, 669, 1, 0),
	(62, 1180, 1, 0),
	(62, 2382, 1, 0),
	(62, 2457, 1, 0),
	(62, 3050, 1, 0),
	(62, 3365, 1, 0),
	(62, 4084, 1, 0),
	(62, 5227, 1, 0),
	(62, 5301, 1, 0),
	(62, 6233, 1, 0),
	(62, 6246, 1, 0),
	(62, 6247, 1, 0),
	(62, 6477, 1, 0),
	(62, 6478, 1, 0),
	(62, 6603, 1, 0),
	(62, 7266, 1, 0),
	(62, 7267, 1, 0),
	(62, 7355, 1, 0),
	(62, 7744, 1, 0),
	(93, 78, 0, 0),
	(93, 81, 1, 0),
	(93, 107, 1, 0),
	(93, 196, 1, 0),
	(93, 198, 1, 0),
	(93, 201, 1, 0),
	(93, 203, 1, 0),
	(93, 204, 1, 0),
	(93, 268, 1, 0),
	(93, 284, 1, 0),
	(93, 522, 1, 0),
	(93, 601, 1, 0),
	(93, 668, 1, 0),
	(93, 694, 1, 0),
	(93, 772, 1, 0),
	(93, 845, 1, 0),
	(93, 1180, 1, 0),
	(93, 1715, 1, 0),
	(93, 2382, 1, 0),
	(93, 2457, 1, 0),
	(93, 3050, 1, 0),
	(93, 3365, 1, 0),
	(93, 4297, 1, 0),
	(93, 4366, 1, 0),
	(93, 4382, 1, 0),
	(93, 4402, 1, 0),
	(93, 4433, 1, 0),
	(93, 4456, 1, 0),
	(93, 5301, 1, 0),
	(93, 5585, 1, 0),
	(93, 6233, 1, 0),
	(93, 6246, 1, 0),
	(93, 6247, 1, 0),
	(93, 6477, 1, 0),
	(93, 6478, 1, 0),
	(93, 6552, 1, 0),
	(93, 6603, 1, 0),
	(93, 7266, 1, 0),
	(93, 7267, 1, 0),
	(93, 7355, 1, 0),
	(95, 78, 1, 0),
	(95, 81, 1, 0),
	(95, 107, 1, 0),
	(95, 196, 1, 0),
	(95, 198, 1, 0),
	(95, 201, 1, 0),
	(95, 203, 1, 0),
	(95, 204, 1, 0),
	(95, 268, 1, 0),
	(95, 522, 1, 0),
	(95, 668, 1, 0),
	(95, 845, 0, 0),
	(95, 1180, 1, 0),
	(95, 2018, 1, 0),
	(95, 2382, 1, 0),
	(95, 2457, 1, 0),
	(95, 2538, 1, 0),
	(95, 2540, 1, 0),
	(95, 2550, 1, 0),
	(95, 2660, 1, 0),
	(95, 2663, 1, 0),
	(95, 3050, 1, 0),
	(95, 3115, 1, 0),
	(95, 3365, 1, 0),
	(95, 4247, 1, 0),
	(95, 4289, 1, 0),
	(95, 4297, 1, 0),
	(95, 4334, 1, 0),
	(95, 4350, 0, 0),
	(95, 4351, 0, 0),
	(95, 4352, 1, 0),
	(95, 4366, 0, 0),
	(95, 4368, 1, 0),
	(95, 4548, 1, 0),
	(95, 5301, 1, 0),
	(95, 5481, 1, 0),
	(95, 6233, 1, 0),
	(95, 6246, 1, 0),
	(95, 6247, 1, 0),
	(95, 6477, 1, 0),
	(95, 6478, 1, 0),
	(95, 6603, 1, 0),
	(95, 7266, 1, 0),
	(95, 7267, 1, 0),
	(95, 7355, 1, 0),
	(95, 7369, 0, 0),
	(95, 7370, 1, 0),
	(96, 81, 1, 0),
	(96, 107, 1, 0),
	(96, 198, 1, 0),
	(96, 199, 1, 0),
	(96, 203, 1, 0),
	(96, 204, 1, 0),
	(96, 268, 1, 0),
	(96, 522, 1, 0),
	(96, 635, 1, 0),
	(96, 668, 1, 0),
	(96, 2382, 1, 0),
	(96, 3050, 1, 0),
	(96, 3365, 1, 0),
	(96, 6233, 1, 0),
	(96, 6246, 1, 0),
	(96, 6247, 1, 0),
	(96, 6477, 1, 0),
	(96, 6478, 1, 0),
	(96, 6603, 1, 0),
	(96, 7266, 1, 0),
	(96, 7267, 1, 0),
	(96, 7355, 1, 0),
	(97, 78, 1, 0),
	(97, 81, 1, 0),
	(97, 107, 1, 0),
	(97, 196, 1, 0),
	(97, 198, 1, 0),
	(97, 201, 1, 0),
	(97, 203, 1, 0),
	(97, 204, 1, 0),
	(97, 268, 1, 0),
	(97, 522, 1, 0),
	(97, 668, 1, 0),
	(97, 1180, 1, 0),
	(97, 2382, 1, 0),
	(97, 2457, 1, 0),
	(97, 3050, 1, 0),
	(97, 3365, 1, 0),
	(97, 5301, 1, 0),
	(97, 6233, 1, 0),
	(97, 6246, 1, 0),
	(97, 6247, 1, 0),
	(97, 6477, 1, 0),
	(97, 6478, 1, 0),
	(97, 6603, 1, 0),
	(97, 7266, 1, 0),
	(97, 7267, 1, 0),
	(97, 7355, 1, 0),
	(98, 81, 1, 0),
	(98, 107, 1, 0),
	(98, 198, 1, 0),
	(98, 199, 1, 0),
	(98, 203, 1, 0),
	(98, 204, 1, 0),
	(98, 268, 1, 0),
	(98, 465, 1, 0),
	(98, 522, 1, 0),
	(98, 635, 1, 0),
	(98, 668, 1, 0),
	(98, 679, 1, 0),
	(98, 2382, 1, 0),
	(98, 2538, 1, 0),
	(98, 2540, 1, 0),
	(98, 2550, 1, 0),
	(98, 2917, 1, 0),
	(98, 3050, 1, 0),
	(98, 3365, 1, 0),
	(98, 4366, 1, 0),
	(98, 4472, 1, 0),
	(98, 6233, 1, 0),
	(98, 6246, 1, 0),
	(98, 6247, 1, 0),
	(98, 6477, 1, 0),
	(98, 6478, 1, 0),
	(98, 6603, 1, 0),
	(98, 7266, 1, 0),
	(98, 7267, 1, 0),
	(98, 7355, 1, 0);
/*!40000 ALTER TABLE `character_spells` ENABLE KEYS */;

-- Dumping structure for table alpha_realm.character_spell_book
CREATE TABLE IF NOT EXISTS `character_spell_book` (
  `owner` int(11) unsigned NOT NULL DEFAULT 0,
  `index` int(11) NOT NULL DEFAULT 0,
  `spell` int(11) unsigned NOT NULL DEFAULT 0,
  PRIMARY KEY (`owner`,`spell`),
  CONSTRAINT `owner_guid_spell_book_fk` FOREIGN KEY (`owner`) REFERENCES `characters` (`guid`) ON DELETE CASCADE ON UPDATE CASCADE
) ENGINE=InnoDB DEFAULT CHARSET=utf8mb4 COLLATE=utf8mb4_general_ci;

-- Dumping data for table alpha_realm.character_spell_book: ~164 rows (approximately)
/*!40000 ALTER TABLE `character_spell_book` DISABLE KEYS */;
INSERT INTO `character_spell_book` (`owner`, `index`, `spell`) VALUES
	(2, -2, 78),
	(2, -3, 81),
	(2, -4, 107),
	(2, -5, 2457),
	(2, -6, 4084),
	(2, -7, 5227),
	(2, -1, 6603),
	(2, -8, 7744),
	(5, -2, 78),
	(5, -3, 81),
	(5, -4, 107),
	(5, -5, 2457),
	(5, -1, 6603),
	(8, -2, 78),
	(8, -3, 81),
	(8, -4, 107),
	(8, -5, 2457),
	(8, -6, 4084),
	(8, -7, 5227),
	(8, -1, 6603),
	(8, -8, 7744),
	(24, -2, 78),
	(24, -3, 81),
	(24, -4, 107),
	(24, -5, 2457),
	(24, -6, 4084),
	(24, -7, 5227),
	(24, -1, 6603),
	(24, -8, 7744),
	(26, 5, 1),
	(26, -25, 71),
	(26, -21, 72),
	(26, -2, 78),
	(26, -3, 81),
	(26, -18, 100),
	(26, -4, 107),
	(26, -5, 284),
	(26, -6, 285),
	(26, -26, 355),
	(26, 2, 472),
	(26, -13, 676),
	(26, -10, 694),
	(26, -65, 746),
	(26, -7, 772),
	(26, -70, 818),
	(26, -8, 845),
	(26, -20, 871),
	(26, 1, 903),
	(26, 4, 966),
	(26, -62, 1130),
	(26, -17, 1134),
	(26, -66, 1159),
	(26, -24, 1160),
	(26, -40, 1161),
	(26, 3, 1353),
	(26, -58, 1494),
	(26, -60, 1543),
	(26, -9, 1608),
	(26, -11, 1671),
	(26, -12, 1672),
	(26, -14, 1715),
	(26, -16, 1719),
	(26, -78, 1804),
	(26, -72, 2018),
	(26, -74, 2108),
	(26, -76, 2259),
	(26, -79, 2383),
	(26, -15, 2457),
	(26, -41, 2458),
	(26, -27, 2480),
	(26, -80, 2550),
	(26, -19, 2565),
	(26, -82, 2580),
	(26, -86, 2637),
	(26, -81, 2656),
	(26, -22, 3100),
	(26, -23, 3101),
	(26, -28, 3102),
	(26, -29, 3104),
	(26, -30, 3127),
	(26, -67, 3267),
	(26, -69, 3268),
	(26, -68, 3273),
	(26, -64, 3274),
	(26, -31, 3413),
	(26, -77, 3464),
	(26, -73, 3538),
	(26, -75, 3811),
	(26, 6, 3825),
	(26, -83, 3908),
	(26, -32, 3909),
	(26, -84, 3910),
	(26, -85, 4036),
	(26, -33, 4037),
	(26, -34, 4038),
	(26, -63, 5118),
	(26, -35, 5242),
	(26, -36, 5246),
	(26, -37, 6178),
	(26, -38, 6190),
	(26, -39, 6192),
	(26, -61, 6197),
	(26, -42, 6461),
	(26, -43, 6463),
	(26, -44, 6546),
	(26, -45, 6547),
	(26, -46, 6548),
	(26, -47, 6552),
	(26, -48, 6554),
	(26, -49, 6555),
	(26, -50, 6572),
	(26, -51, 6574),
	(26, -1, 6603),
	(26, -52, 6673),
	(26, -59, 6991),
	(26, -71, 7359),
	(26, -53, 7369),
	(26, -54, 7370),
	(26, -55, 7371),
	(26, -56, 7372),
	(26, -57, 7373),
	(26, -87, 7377),
	(26, -88, 7379),
	(26, -89, 7384),
	(26, -90, 7386),
	(26, -91, 7390),
	(26, -92, 7391),
	(26, -93, 7400),
	(26, -94, 7402),
	(26, -95, 7405),
	(26, -96, 7620),
	(26, -97, 7731),
	(26, -98, 7732),
	(26, -99, 7887),
	(36, -2, 78),
	(36, -3, 81),
	(36, -4, 107),
	(36, -5, 2457),
	(36, -1, 6603),
	(37, -2, 78),
	(37, -3, 81),
	(37, -4, 107),
	(37, -5, 2457),
	(37, -6, 4084),
	(37, -7, 5227),
	(37, -1, 6603),
	(37, -8, 7744),
	(62, -2, 78),
	(62, -3, 81),
	(62, -4, 107),
	(62, -5, 2457),
	(62, -6, 4084),
	(62, -7, 5227),
	(62, -1, 6603),
	(62, -8, 7744),
	(93, -2, 78),
	(93, -3, 81),
	(93, -4, 107),
	(93, -5, 284),
	(93, -10, 694),
	(93, -7, 772),
	(93, -6, 845),
	(93, -9, 1715),
	(93, -8, 2457),
	(93, -11, 6552),
	(93, -1, 6603),
	(95, -2, 78),
	(95, -3, 81),
	(95, -4, 107),
	(95, -8, 845),
	(95, -6, 2018),
	(95, -5, 2457),
	(95, -7, 2550),
	(95, -1, 6603),
	(95, -9, 7369),
	(95, -10, 7370),
	(96, -2, 81),
	(96, -3, 107),
	(96, 1, 635),
	(96, -1, 6603),
	(97, -2, 78),
	(97, -3, 81),
	(97, -4, 107),
	(97, -5, 2457),
	(97, -1, 6603),
	(98, -2, 81),
	(98, -3, 107),
	(98, 2, 465),
	(98, 1, 635),
	(98, -4, 679),
	(98, -5, 2550),
	(98, -1, 6603);
/*!40000 ALTER TABLE `character_spell_book` ENABLE KEYS */;

-- Dumping structure for table alpha_realm.character_spell_cooldown
CREATE TABLE IF NOT EXISTS `character_spell_cooldown` (
  `guid` int(11) unsigned NOT NULL DEFAULT 0,
  `spell` int(11) unsigned NOT NULL DEFAULT 0,
  `item` int(11) unsigned NOT NULL DEFAULT 0,
  `time` bigint(20) unsigned NOT NULL DEFAULT 0,
  `category_time` bigint(20) unsigned NOT NULL DEFAULT 0,
  PRIMARY KEY (`guid`,`spell`),
  KEY `idx_guid4` (`guid`),
  CONSTRAINT `spell_cd_guid` FOREIGN KEY (`guid`) REFERENCES `characters` (`guid`) ON DELETE CASCADE ON UPDATE CASCADE
) ENGINE=InnoDB DEFAULT CHARSET=utf8mb4 COLLATE=utf8mb4_general_ci;

-- Dumping data for table alpha_realm.character_spell_cooldown: ~0 rows (approximately)
/*!40000 ALTER TABLE `character_spell_cooldown` DISABLE KEYS */;
/*!40000 ALTER TABLE `character_spell_cooldown` ENABLE KEYS */;

-- Dumping structure for table alpha_realm.group
CREATE TABLE IF NOT EXISTS `group` (
  `group_id` int(11) unsigned NOT NULL AUTO_INCREMENT,
  `leader_guid` int(11) unsigned NOT NULL DEFAULT 0,
  `loot_method` int(5) unsigned NOT NULL DEFAULT 0,
  `loot_master` int(11) unsigned NOT NULL DEFAULT 0,
  PRIMARY KEY (`group_id`),
  KEY `group_leader_guid_fk` (`leader_guid`),
  CONSTRAINT `group_leader_guid_fk` FOREIGN KEY (`leader_guid`) REFERENCES `characters` (`guid`) ON DELETE CASCADE ON UPDATE CASCADE
) ENGINE=InnoDB AUTO_INCREMENT=3 DEFAULT CHARSET=utf8mb4 COLLATE=utf8mb4_general_ci;

-- Dumping data for table alpha_realm.group: ~0 rows (approximately)
/*!40000 ALTER TABLE `group` DISABLE KEYS */;
/*!40000 ALTER TABLE `group` ENABLE KEYS */;

-- Dumping structure for table alpha_realm.group_member
CREATE TABLE IF NOT EXISTS `group_member` (
  `group_id` int(11) unsigned NOT NULL DEFAULT 0,
  `guid` int(11) unsigned NOT NULL DEFAULT 0,
  PRIMARY KEY (`group_id`,`guid`),
  KEY `group_member_guid_fk` (`guid`),
  CONSTRAINT `group_id_fk` FOREIGN KEY (`group_id`) REFERENCES `group` (`group_id`) ON DELETE CASCADE ON UPDATE CASCADE,
  CONSTRAINT `group_member_guid_fk` FOREIGN KEY (`guid`) REFERENCES `characters` (`guid`) ON DELETE CASCADE ON UPDATE CASCADE
) ENGINE=InnoDB DEFAULT CHARSET=utf8mb4 COLLATE=utf8mb4_general_ci;

-- Dumping data for table alpha_realm.group_member: ~0 rows (approximately)
/*!40000 ALTER TABLE `group_member` DISABLE KEYS */;
/*!40000 ALTER TABLE `group_member` ENABLE KEYS */;

-- Dumping structure for table alpha_realm.guild
CREATE TABLE IF NOT EXISTS `guild` (
  `guild_id` int(11) unsigned NOT NULL AUTO_INCREMENT,
  `name` varchar(255) NOT NULL DEFAULT '',
  `motd` varchar(255) NOT NULL DEFAULT '',
  `creation_date` timestamp NOT NULL DEFAULT current_timestamp(),
  `emblem_style` int(5) NOT NULL DEFAULT -1,
  `emblem_color` int(5) NOT NULL DEFAULT -1,
  `border_style` int(5) NOT NULL DEFAULT -1,
  `border_color` int(5) NOT NULL DEFAULT -1,
  `background_color` int(5) NOT NULL DEFAULT -1,
  PRIMARY KEY (`guild_id`)
) ENGINE=InnoDB AUTO_INCREMENT=5 DEFAULT CHARSET=utf8mb4 COLLATE=utf8mb4_general_ci;

-- Dumping data for table alpha_realm.guild: ~3 rows (approximately)
/*!40000 ALTER TABLE `guild` DISABLE KEYS */;
INSERT INTO `guild` (`guild_id`, `name`, `motd`, `creation_date`, `emblem_style`, `emblem_color`, `border_style`, `border_color`, `background_color`) VALUES
	(2, 'The Silver Hand', '', '2022-12-29 01:56:11', 21, 2, 1, 2, 9),
	(3, 'niggas', '', '2023-01-09 13:31:39', -1, -1, -1, -1, -1),
	(4, 'fuck', '', '2023-01-09 16:49:42', -1, -1, -1, -1, -1);
/*!40000 ALTER TABLE `guild` ENABLE KEYS */;

-- Dumping structure for table alpha_realm.guild_member
CREATE TABLE IF NOT EXISTS `guild_member` (
  `guild_id` int(11) unsigned NOT NULL DEFAULT 0,
  `guid` int(11) unsigned NOT NULL DEFAULT 0,
  `rank` tinyint(2) unsigned NOT NULL DEFAULT 0,
  PRIMARY KEY (`guild_id`,`guid`),
  KEY `guild_member_guid_fk` (`guid`),
  CONSTRAINT `guild_id_fk` FOREIGN KEY (`guild_id`) REFERENCES `guild` (`guild_id`) ON DELETE CASCADE ON UPDATE CASCADE,
  CONSTRAINT `guild_member_guid_fk` FOREIGN KEY (`guid`) REFERENCES `characters` (`guid`) ON DELETE CASCADE ON UPDATE CASCADE
) ENGINE=InnoDB DEFAULT CHARSET=utf8mb4 COLLATE=utf8mb4_general_ci;

-- Dumping data for table alpha_realm.guild_member: ~3 rows (approximately)
/*!40000 ALTER TABLE `guild_member` DISABLE KEYS */;
INSERT INTO `guild_member` (`guild_id`, `guid`, `rank`) VALUES
	(2, 26, 0),
	(3, 95, 0),
	(4, 93, 0);
/*!40000 ALTER TABLE `guild_member` ENABLE KEYS */;

-- Dumping structure for table alpha_realm.petition
CREATE TABLE IF NOT EXISTS `petition` (
  `petition_id` int(11) unsigned NOT NULL AUTO_INCREMENT,
  `owner_guid` int(11) unsigned NOT NULL DEFAULT 0,
  `item_guid` int(11) unsigned NOT NULL DEFAULT 0,
  `name` varchar(255) NOT NULL DEFAULT '',
  PRIMARY KEY (`petition_id`),
  UNIQUE KEY `owner_guid` (`owner_guid`,`item_guid`),
  KEY `petition_guid_item_guid_fk` (`item_guid`),
  CONSTRAINT `owner_guid_character_guid_fk` FOREIGN KEY (`owner_guid`) REFERENCES `characters` (`guid`) ON DELETE CASCADE ON UPDATE CASCADE,
  CONSTRAINT `petition_guid_item_guid_fk` FOREIGN KEY (`item_guid`) REFERENCES `character_inventory` (`guid`) ON DELETE CASCADE ON UPDATE CASCADE
) ENGINE=InnoDB DEFAULT CHARSET=utf8mb4 COLLATE=utf8mb4_general_ci;

-- Dumping data for table alpha_realm.petition: ~0 rows (approximately)
/*!40000 ALTER TABLE `petition` DISABLE KEYS */;
/*!40000 ALTER TABLE `petition` ENABLE KEYS */;

-- Dumping structure for table alpha_realm.petition_sign
CREATE TABLE IF NOT EXISTS `petition_sign` (
  `petition_id` int(11) unsigned NOT NULL DEFAULT 0,
  `player_guid` int(11) unsigned NOT NULL DEFAULT 0,
  PRIMARY KEY (`petition_id`,`player_guid`),
  KEY `player_guid_character_guid_fk` (`player_guid`),
  CONSTRAINT `petition_id_petition_fk` FOREIGN KEY (`petition_id`) REFERENCES `petition` (`petition_id`) ON DELETE CASCADE ON UPDATE CASCADE,
  CONSTRAINT `player_guid_character_guid_fk` FOREIGN KEY (`player_guid`) REFERENCES `characters` (`guid`) ON DELETE CASCADE ON UPDATE CASCADE
) ENGINE=InnoDB DEFAULT CHARSET=utf8mb4 COLLATE=utf8mb4_general_ci;

-- Dumping data for table alpha_realm.petition_sign: ~0 rows (approximately)
/*!40000 ALTER TABLE `petition_sign` DISABLE KEYS */;
/*!40000 ALTER TABLE `petition_sign` ENABLE KEYS */;

-- Dumping structure for table alpha_realm.tickets
CREATE TABLE IF NOT EXISTS `tickets` (
  `id` int(11) NOT NULL AUTO_INCREMENT,
  `is_bug` int(1) NOT NULL DEFAULT 0,
  `account_name` varchar(250) NOT NULL DEFAULT '',
  `account_id` int(10) unsigned NOT NULL DEFAULT 0,
  `character_name` varchar(12) NOT NULL DEFAULT '',
  `text_body` text NOT NULL,
  `submit_time` timestamp NOT NULL DEFAULT current_timestamp() ON UPDATE current_timestamp(),
  PRIMARY KEY (`id`),
  KEY `account_id` (`account_id`),
  CONSTRAINT `tickets_ibfk_1` FOREIGN KEY (`account_id`) REFERENCES `accounts` (`id`) ON DELETE CASCADE ON UPDATE CASCADE
) ENGINE=InnoDB AUTO_INCREMENT=5 DEFAULT CHARSET=utf8mb4 COLLATE=utf8mb4_general_ci;

-- Dumping data for table alpha_realm.tickets: ~3 rows (approximately)
/*!40000 ALTER TABLE `tickets` DISABLE KEYS */;
INSERT INTO `tickets` (`id`, `is_bug`, `account_name`, `account_id`, `character_name`, `text_body`, `submit_time`) VALUES
	(1, 1, 'radon', 1, 'Arthas', 'There is big prolblem wit da booberz.... plz help :D', '2022-12-14 07:10:09'),
	(2, 0, 'radon', 1, 'Warrir', 'Need moar chikin', '2022-12-17 04:15:27'),
	(3, 0, 'radon', 1, 'Warrir', 'Cow is too fat, cow should be skinny', '2022-12-17 04:15:43'),
	(4, 0, 'radon', 1, 'ViolateLaws', 'PLEASE VIOLATE INTERNATIONAL LAW', '2023-01-09 00:41:03');
/*!40000 ALTER TABLE `tickets` ENABLE KEYS */;

/*!40101 SET SQL_MODE=IFNULL(@OLD_SQL_MODE, '') */;
/*!40014 SET FOREIGN_KEY_CHECKS=IFNULL(@OLD_FOREIGN_KEY_CHECKS, 1) */;
/*!40101 SET CHARACTER_SET_CLIENT=@OLD_CHARACTER_SET_CLIENT */;
/*!40111 SET SQL_NOTES=IFNULL(@OLD_SQL_NOTES, 1) */;
